verb	frequency
was	2167
had	1731
is	1585
have	1521
were	1156
are	1119
be	1115
said	888
did	761
do	683
has	679
went	628
go	559
come	546
let	537
been	495
came	481
take	440
made	425
took	403
see	377
tell	351
am	340
set	323
answered	300
give	294
make	281
saw	266
spoke	254
fell	252
left	243
put	233
got	225
know	221
say	216
killed	216
brought	210
gave	207
fight	202
get	198
saying	193
heard	181
struck	177
sent	177
laid	167
stood	165
lay	163
going	157
bring	153
find	152
told	149
keep	149
done	147
being	139
stay	138
speak	138
held	135
drew	135
hear	132
reached	124
think	120
given	119
began	117
kept	115
gone	115
hold	114
sat	112
stand	111
sprang	111
leave	111
having	109
kill	108
taken	107
found	106
send	103
fall	101
cried	100
look	98
called	97
led	96
fighting	96
turned	95
coming	94
hit	93
live	92
cut	91
help	90
bore	90
lying	88
threw	87
eat	86
return	85
lie	83
raised	82
save	81
drink	80
rose	77
looking	77
flew	77
caught	77
turn	76
drove	76
drive	76
want	75
knew	75
bear	74
fallen	73
making	72
bid	71
stayed	70
ask	70
comes	69
looked	68
draw	67
fly	66
bade	66
show	64
seen	64
gathered	64
filled	64
sit	63
prayed	63
wounded	60
taking	59
slain	59
break	59
carried	58
lost	56
fought	56
does	56
covered	56
bound	56
doing	55
replied	54
call	54
weeping	52
pray	52
offered	52
followed	52
born	52
beat	52
sitting	51
reach	51
killing	51
escape	51
used	50
shouted	50
giving	50
getting	50
flying	50
driven	49
thought	48
sleep	48
listen	48
die	48
grant	47
trying	46
try	46
broke	46
bearing	46
wish	45
seeing	45
ran	45
fear	45
carry	45
built	45
flung	44
talk	43
passed	43
meet	43
wept	41
round	41
washed	40
like	40
talking	38
sped	38
run	38
lived	38
dare	38
wash	37
spoken	37
marry	37
lifted	37
learn	37
met	36
leaving	36
aimed	36
standing	35
face	35
blessed	35
suffered	34
saved	34
running	34
protect	34
poured	34
offer	34
living	34
become	34
wanted	33
wait	33
eating	33
attack	33
sail	32
lies	32
fetch	32
driving	32
deemed	32
closed	32
borne	32
sacked	31
mean	31
makes	31
hung	31
hide	31
cry	31
bringing	31
thrown	30
shed	30
praying	30
knows	30
holding	30
gleaming	30
forget	30
fled	30
dwell	30
swear	29
spread	29
perished	29
loved	29
defend	29
asked	29
appeared	29
whereon	28
waiting	28
tore	28
throw	28
slew	28
placed	28
pay	28
married	28
keeping	28
hurled	28
burning	28
smote	27
sailed	27
goes	27
follow	27
died	27
care	27
win	26
perish	26
hope	26
fingered	26
crying	26
turning	25
spring	25
sleeping	25
remember	25
pierced	25
happened	25
broken	25
suffer	24
stripped	24
sing	24
seems	24
lashed	24
clad	24
avenge	24
vouchsafed	23
tried	23
speaking	23
slay	23
seized	23
sack	23
returned	23
remain	23
received	23
gather	23
fail	23
begin	23
became	23
wrought	22
vouchsafe	22
takes	22
slept	22
roused	22
need	22
join	22
handed	22
grow	22
grew	22
divided	22
consider	22
thinking	21
strip	21
setting	21
seem	21
rushed	21
raise	21
pass	21
opened	21
moved	21
mixed	21
missed	21
lose	21
honoured	21
grasped	21
dwelt	21
understand	20
string	20
showed	20
says	20
rebuked	20
promised	20
joined	20
eaten	20
drawn	20
dragging	20
darted	20
cease	20
burned	20
served	19
seated	19
robbed	19
prove	19
grieve	19
gives	19
forced	19
feared	19
endowed	19
dropped	19
drawing	19
choose	19
armed	19
anointed	19
yield	18
treated	18
suppose	18
stretched	18
smiled	18
paid	18
marvelled	18
lives	18
lead	18
escaped	18
ate	18
addressed	18
accept	18
vaunted	17
urge	17
shook	17
sees	17
sacrifice	17
regards	17
please	17
persuade	17
paying	17
overcome	17
laughed	17
hidden	17
groaning	17
felt	17
failed	17
embrace	17
cross	17
cast	17
besought	17
beheld	17
begging	17
beaten	17
yoked	16
worn	16
weep	16
waited	16
visit	16
urged	16
treat	16
stuck	16
strike	16
shoot	16
seemed	16
rising	16
named	16
move	16
kissed	16
hurried	16
hate	16
growing	16
grieving	16
exclaimed	16
charge	16
calling	16
believe	16
wrapped	15
wanting	15
stricken	15
shown	15
shouting	15
sends	15
putting	15
picked	15
obeyed	15
mourned	15
mounted	15
meant	15
love	15
lift	15
leaning	15
leading	15
helping	15
grown	15
finished	15
entered	15
dismayed	15
cover	15
commanded	15
close	15
chosen	15
burn	15
behold	15
wound	14
won	14
thrust	14
throwing	14
spare	14
shot	14
rest	14
remained	14
refuse	14
rattling	14
rang	14
prevent	14
pressed	14
prepare	14
pierce	14
obey	14
mixing	14
miss	14
lit	14
keeps	14
hid	14
happen	14
girded	14
flowing	14
feeding	14
feed	14
falling	14
dying	14
devour	14
destroy	14
cunning	14
chose	14
cheering	14
bury	14
working	13
worked	13
wore	13
wear	13
tear	13
swore	13
strode	13
speared	13
settle	13
rue	13
raging	13
raged	13
quit	13
loosed	13
letting	13
known	13
gain	13
forgotten	13
fitted	13
feasted	13
expect	13
doomed	13
disposed	13
deal	13
daring	13
cheered	13
carrying	13
bred	13
blame	13
beginning	13
asking	13
trust	12
tearing	12
spear	12
sang	12
rouse	12
returning	12
rained	12
question	12
press	12
open	12
mind	12
heeded	12
heaped	12
groaned	12
fixed	12
finding	12
feel	12
feasting	12
excel	12
dressed	12
drank	12
dared	12
completed	12
chased	12
changed	12
ceasing	12
breaking	12
bind	12
bidding	12
beg	12
avoid	12
attend	12
advise	12
wooded	11
wants	11
urging	11
turns	11
treating	11
touched	11
torn	11
stationed	11
started	11
stands	11
stained	11
speed	11
snatched	11
singing	11
sending	11
sank	11
sacrificed	11
protected	11
promise	11
poised	11
planted	11
nodded	11
means	11
loaded	11
jove	11
hitting	11
grieved	11
fill	11
fed	11
fastened	11
drinking	11
dragged	11
cutting	11
charged	11
catch	11
bowed	11
blew	11
bethought	11
beseech	11
attacked	11
arm	11
answer	11
angered	11
agreed	11
work	10
woke	10
wedded	10
venture	10
vanquished	10
thundering	10
sits	10
serve	10
rolling	10
rise	10
rejoiced	10
pursue	10
pleased	10
played	10
passing	10
name	10
mourn	10
marked	10
looks	10
laughing	10
lamenting	10
inspired	10
honour	10
holds	10
force	10
following	10
fling	10
falls	10
enjoy	10
donned	10
divide	10
check	10
burnt	10
buried	10
breathed	10
blow	10
bidden	10
befallen	10
beating	10
assented	10
assembled	10
according	10
wailing	9
vouchsafes	9
trembled	9
travelled	9
tells	9
support	9
stop	9
springing	9
spreading	9
shut	9
scheming	9
runs	9
ruled	9
rule	9
respected	9
rent	9
rejoice	9
reigned	9
receive	9
reaches	9
ranged	9
punish	9
pressing	9
pointed	9
plunged	9
playing	9
play	9
pitied	9
ordered	9
offering	9
manage	9
loose	9
leaves	9
inlaid	9
hurrying	9
hurl	9
hovered	9
hemmed	9
hearing	9
guided	9
guide	9
grows	9
gleamed	9
fulfilled	9
free	9
fountained	9
flow	9
escort	9
enter	9
encircling	9
drop	9
drag	9
doubt	9
displeased	9
delivered	9
crossed	9
clothed	9
clasped	9
ceased	9
build	9
bids	9
befall	9
avoided	9
attacking	9
abide	9
watching	8
washing	8
wandering	8
wake	8
vaunt	8
trouble	8
touch	8
telling	8
strung	8
striking	8
staying	8
staid	8
sounding	8
sorrowing	8
showing	8
settled	8
sallied	8
risen	8
retreat	8
respect	8
reared	8
ransom	8
raising	8
quarrelling	8
provide	8
proceed	8
pouring	8
pour	8
mix	8
milked	8
managed	8
losing	8
longing	8
listened	8
laying	8
kills	8
hated	8
hanging	8
handled	8
guard	8
glared	8
gets	8
flies	8
flayed	8
fetched	8
feast	8
fast	8
fain	8
excelled	8
entertained	8
end	8
enamoured	8
dug	8
dashed	8
crashing	8
counselled	8
consult	8
complain	8
clutched	8
caused	8
carries	8
camped	8
brooding	8
brandishing	8
bless	8
begun	8
begins	8
arming	8
approved	8
admired	8
add	8
yoke	7
worsted	7
wield	7
wasted	7
waste	7
use	7
troubled	7
thundered	7
thinks	7
taught	7
tasted	7
swim	7
swept	7
surrounded	7
surpass	7
succeed	7
stirred	7
steal	7
showered	7
share	7
sell	7
scowled	7
row	7
rob	7
roasted	7
roared	7
ringing	7
reaching	7
pulled	7
prosper	7
possessed	7
plotting	7
parted	7
overtake	7
needs	7
mount	7
last	7
landed	7
lain	7
kindled	7
kindle	7
heed	7
heal	7
hatched	7
hang	7
hand	7
granted	7
glittering	7
gasping	7
frightened	7
flashed	7
finish	7
fearing	7
fated	7
fare	7
facing	7
exhort	7
entertain	7
ended	7
drives	7
doubted	7
dived	7
deliver	7
decreed	7
decide	7
compare	7
change	7
challenge	7
breaks	7
boiling	7
begged	7
beats	7
awarded	7
attended	7
astonished	7
anoint	7
aiming	7
accomplished	7
wooing	6
wondering	6
withstand	6
withdrew	6
wielding	6
whirling	6
welcome	6
ween	6
watched	6
watch	6
wagged	6
vex	6
veiled	6
vanquish	6
valued	6
upbraided	6
unyoked	6
undone	6
threatened	6
tended	6
swoops	6
swerved	6
suspected	6
suffering	6
stung	6
struggling	6
stripping	6
start	6
starred	6
sprinkling	6
spoiled	6
spent	6
sought	6
sold	6
soaring	6
snatch	6
slaughtered	6
skilled	6
shrink	6
shield	6
screamed	6
scared	6
sacrificing	6
sacking	6
routed	6
returns	6
restrain	6
rejoicing	6
reign	6
refrain	6
recognised	6
recognise	6
quivering	6
quaked	6
provoke	6
prevented	6
prevail	6
prepared	6
ploughed	6
persuaded	6
persist	6
perceived	6
pent	6
order	6
nursed	6
mark	6
marched	6
loving	6
light	6
leaned	6
knowing	6
ithaca	6
insulted	6
implore	6
hurt	6
hoping	6
helped	6
harm	6
gathering	6
fights	6
fenced	6
fashioned	6
famed	6
faced	6
exhorting	6
enjoyed	6
draws	6
dishonoured	6
disguised	6
destroyed	6
deem	6
decorated	6
dealt	6
dazed	6
daunted	6
crouching	6
continue	6
concerning	6
claim	6
chide	6
checked	6
chasing	6
chase	6
celebrate	6
cause	6
caressed	6
burst	6
brings	6
bow	6
blowing	6
blinded	6
bit	6
bestrode	6
bent	6
begrimed	6
applauded	6
yielded	5
yearned	5
wrecked	5
woven	5
wonder	5
wiped	5
winged	5
willed	5
wherefore	5
welled	5
weighed	5
watches	5
wasting	5
vanished	5
undaunted	5
troy	5
tossed	5
thereon	5
taunt	5
taste	5
sworn	5
swallow	5
suspect	5
supporting	5
sucking	5
strive	5
stopped	5
stooped	5
speeding	5
slaying	5
slacken	5
shun	5
shows	5
shooting	5
sheltered	5
shamed	5
serried	5
seizing	5
seize	5
seek	5
screaming	5
scolded	5
scold	5
scattered	5
satisfied	5
ruined	5
rowing	5
rot	5
rolled	5
roaring	5
roar	5
reviled	5
resolved	5
rescue	5
remembered	5
remains	5
refused	5
reap	5
rallied	5
quenched	5
quarrel	5
quailed	5
proved	5
point	5
pleases	5
nurse	5
note	5
mourning	5
missing	5
minded	5
meaning	5
load	5
liked	5
leaped	5
kicked	5
jutting	5
invite	5
insult	5
hunting	5
hound	5
hides	5
headed	5
harassed	5
happens	5
hacked	5
gushing	5
gripped	5
grinding	5
grazed	5
glut	5
glaring	5
gird	5
fulfil	5
forsooth	5
fooled	5
follows	5
folded	5
flowed	5
flashing	5
fire	5
finds	5
felled	5
father	5
fastens	5
fared	5
fainting	5
exploit	5
expecting	5
entreat	5
enshrouded	5
enjoying	5
encouraging	5
embroidered	5
edged	5
eddying	5
drunk	5
drugged	5
dried	5
dispersed	5
disgrace	5
direct	5
desired	5
desire	5
declared	5
deceive	5
crushed	5
crested	5
covering	5
cooked	5
cook	5
conveyed	5
conduct	5
conceived	5
compete	5
climbed	5
charmed	5
charging	5
challenged	5
busied	5
brandished	5
bought	5
bossed	5
blaze	5
bitten	5
bespattered	5
behaving	5
begot	5
battered	5
awoke	5
assured	5
arrayed	5
appeased	5
appease	5
yielding	4
wreck	4
wrap	4
woo	4
witness	4
wishes	4
wished	4
wing	4
wields	4
wielded	4
whining	4
wearing	4
watered	4
warn	4
wandered	4
wander	4
walk	4
vie	4
vaunting	4
upbraid	4
unloose	4
undertake	4
tug	4
trusting	4
trusted	4
trembling	4
travel	4
tilled	4
tied	4
thirsting	4
talked	4
surpassing	4
suited	4
suckled	4
studded	4
stretching	4
stowed	4
stolen	4
stir	4
stepped	4
starving	4
starting	4
spur	4
sprung	4
sprinkled	4
sprawling	4
split	4
spitted	4
spared	4
soiled	4
smite	4
slung	4
shrouded	4
shone	4
shines	4
shewed	4
severed	4
sets	4
scare	4
sally	4
rushing	4
rules	4
ruin	4
retreating	4
restore	4
rescued	4
requite	4
remind	4
relieve	4
refreshed	4
reeled	4
recover	4
recall	4
rebuke	4
read	4
ranks	4
range	4
rage	4
quarrelled	4
pursued	4
pulling	4
pull	4
propped	4
propose	4
promising	4
preparing	4
prays	4
plunder	4
plumed	4
pledged	4
plague	4
place	4
pity	4
piercing	4
pick	4
permit	4
packed	4
overpowered	4
oppressed	4
omened	4
nearing	4
muttered	4
murder	4
moored	4
meets	4
measured	4
lured	4
longed	4
likes	4
lifting	4
lean	4
lays	4
land	4
knocked	4
insist	4
infuriated	4
incline	4
incensed	4
imploring	4
herding	4
helmet	4
hears	4
healed	4
heading	4
haunt	4
hatching	4
hastened	4
handle	4
grieves	4
gnawing	4
glistened	4
further	4
freed	4
forthwith	4
form	4
forgive	4
forbidden	4
fool	4
flinging	4
fleet	4
firstling	4
faring	4
fails	4
exulting	4
explain	4
expected	4
established	4
engage	4
endure	4
encouraged	4
eased	4
dwells	4
drowned	4
dismissed	4
dishonouring	4
discover	4
diomed	4
devised	4
determine	4
detained	4
destroying	4
deserted	4
descended	4
defending	4
defended	4
declare	4
dear	4
dealing	4
dash	4
darting	4
dance	4
crowned	4
crouched	4
courting	4
converse	4
continued	4
consumed	4
considering	4
conducted	4
concealed	4
compass	4
committed	4
comfort	4
clouded	4
clotted	4
cleansed	4
clasp	4
cheer	4
changing	4
cares	4
buy	4
burnished	4
breed	4
brave	4
bounding	4
bounded	4
boast	4
bloodstained	4
bending	4
bend	4
belonging	4
beguiled	4
bedrabbled	4
bedizened	4
becomes	4
awaiting	4
await	4
avenged	4
attending	4
assumed	4
asks	4
ascends	4
allowed	4
allow	4
alarmed	4
afforded	4
advanced	4
admire	4
''s	4
yearling	3
wronged	3
writhing	3
wretch	3
wreathed	3
wrangle	3
wounding	3
worry	3
wondered	3
wit	3
wipe	3
widowed	3
wicked	3
whirled	3
wherewith	3
wheeled	3
wended	3
waxed	3
walks	3
walked	3
wakes	3
wage	3
view	3
versed	3
using	3
uprose	3
unpick	3
unman	3
undid	3
tumbled	3
triumph	3
trained	3
tossing	3
thunders	3
thronged	3
tempt	3
sweating	3
swayed	3
swarm	3
supported	3
submit	3
studied	3
striving	3
stringing	3
striding	3
stride	3
stretch	3
streams	3
stole	3
stick	3
steeped	3
starts	3
spurred	3
springs	3
spoiling	3
spoil	3
spirited	3
spinning	3
spin	3
sound	3
smiting	3
smirched	3
smiling	3
smashed	3
slipped	3
slinks	3
sleeps	3
skinned	3
sin	3
side	3
shrank	3
shout	3
shirking	3
shift	3
shepherding	3
shelter	3
sharpened	3
shamefaced	3
seethed	3
seduced	3
searching	3
seals	3
sea-	3
scream	3
scoured	3
scatter	3
scaled	3
scale	3
sallies	3
rush	3
rulest	3
rowed	3
rotted	3
roasting	3
rises	3
revenged	3
revealed	3
retired	3
rests	3
restored	3
resting	3
resounded	3
reproach	3
rend	3
removing	3
relieved	3
reigning	3
reddened	3
reconciled	3
ravaged	3
rally	3
quench	3
quells	3
puts	3
purify	3
punishes	3
punished	3
proves	3
propitiate	3
prophesied	3
preventing	3
pondering	3
ponder	3
plying	3
plunge	3
plot	3
plied	3
pities	3
perform	3
perched	3
penned	3
paved	3
part	3
pained	3
pack	3
owned	3
own	3
overthrown	3
overshadowed	3
overshadow	3
overheard	3
ordained	3
opening	3
offended	3
nursing	3
noted	3
nodding	3
neglecting	3
mocking	3
misconducted	3
mend	3
meeting	3
marshalled	3
marries	3
maddened	3
lowing	3
loves	3
lording	3
lord	3
lighted	3
lets	3
leaping	3
lasted	3
lashes	3
lash	3
lamented	3
lame	3
lag	3
labour	3
knock	3
jutted	3
invited	3
interrupted	3
insisted	3
inherit	3
infused	3
inflict	3
indulging	3
incite	3
implored	3
ill-	3
hurry	3
hug	3
huddled	3
huddle	3
hoisted	3
hitherto	3
hither	3
hissed	3
hindering	3
hector	3
heaved	3
heaping	3
heap	3
head	3
hates	3
hasting	3
happening	3
halted	3
hack	3
grudged	3
ground	3
graze	3
grasping	3
grasp	3
grants	3
gorging	3
gladdened	3
gild	3
gibing	3
gainsay	3
furled	3
frowning	3
freighted	3
founded	3
forgot	3
forgo	3
foretell	3
forbid	3
flows	3
floored	3
flitted	3
flinching	3
flashes	3
fixing	3
fills	3
filling	3
favoured	3
fasten	3
explained	3
exhorted	3
eurynome	3
essay	3
escorted	3
enthralled	3
enshroud	3
enriched	3
enraged	3
endow	3
encourage	3
enclosed	3
encamped	3
egged	3
earn	3
dyed	3
drifted	3
drenched	3
dread	3
drags	3
dividing	3
disobey	3
dismounted	3
disgraced	3
dies	3
devouring	3
devise	3
detest	3
despise	3
deprived	3
departed	3
denied	3
delighted	3
delayed	3
declares	3
deals	3
danced	3
cured	3
crushing	3
crowded	3
crept	3
cracked	3
counted	3
cost	3
cooking	3
contrive	3
contradicts	3
contented	3
contending	3
consume	3
considered	3
congratulate	3
comforted	3
climbing	3
climb	3
clean	3
clashed	3
chopping	3
chooses	3
chided	3
chattering	3
charm	3
catching	3
bustling	3
bruised	3
browed	3
brewing	3
breathing	3
breathe	3
brag	3
boded	3
blows	3
bleeding	3
blazing	3
bite	3
binding	3
bestride	3
bespangled	3
besmirched	3
bellowed	3
begotten	3
begat	3
befriend	3
befell	3
bedding	3
bears	3
beached	3
bark	3
balanced	3
back	3
awaits	3
assail	3
approaching	3
anointing	3
aim	3
ails	3
aggrieved	3
advising	3
adorned	3
added	3
achieved	3
abounding	3
abides	3
written	2
writhed	2
wring	2
wrestled	2
wrestle	2
wrapping	2
wrangling	2
worshipped	2
wooed	2
withstood	2
withdrawn	2
withdraw	2
wishing	2
winning	2
whiten	2
whistled	2
whirl	2
wheeling	2
weltering	2
welling	2
welcomed	2
weighs	2
weave	2
weary	2
waved	2
watering	2
water	2
wastes	2
warring	2
warned	2
warm	2
waking	2
wager	2
waged	2
vying	2
vows	2
vowing	2
vowed	2
vomited	2
visiting	2
visited	2
violated	2
vied	2
vexed	2
ventured	2
vent	2
vaulted	2
uttered	2
usurp	2
urges	2
upset	2
upraised	2
upbraiding	2
unyoke	2
unperceived	2
unmolested	2
unfastened	2
undoing	2
uncovered	2
twinkling	2
tumbling	2
tugged	2
trooping	2
treats	2
treading	2
travelling	2
trampled	2
tongued	2
toiled	2
tiring	2
thunder	2
throws	2
throned	2
threatening	2
threaten	2
tending	2
tempts	2
taunted	2
tarrying	2
taloned	2
swung	2
swooped	2
swoop	2
swimming	2
sweeps	2
sweated	2
swarming	2
swarmed	2
sustained	2
suspecting	2
surged	2
supped	2
sunk	2
summoned	2
suffuse	2
succour	2
stunned	2
stumble	2
strikes	2
strewed	2
strengthened	2
strains	2
straining	2
strained	2
strain	2
storm	2
stirring	2
stilled	2
stepping	2
steeled	2
steeds	2
stays	2
stave	2
starved	2
staring	2
stalks	2
staggered	2
stabled	2
squire	2
squealing	2
spy	2
spunging	2
spun	2
spreads	2
splendid	2
spitting	2
spite	2
soothing	2
soothe	2
soften	2
sneezed	2
snapped	2
smothered	2
smitten	2
smell	2
smashing	2
smart	2
slaughter	2
sinned	2
singed	2
shunning	2
shudder	2
ship	2
shine	2
shifted	2
shielded	2
sheds	2
shared	2
shame	2
shaken	2
shake	2
severs	2
sever	2
settling	2
selling	2
seething	2
secure	2
scud	2
scouring	2
schemed	2
scandalised	2
scampered	2
scalded	2
satisfy	2
saluting	2
salute	2
sailing	2
safeguard	2
rubbing	2
roving	2
rotting	2
roll	2
robs	2
robbing	2
roast	2
rival	2
ripped	2
ripens	2
ride	2
reveals	2
retreated	2
retire	2
restrained	2
rested	2
respecting	2
resounds	2
resemble	2
rescuing	2
require	2
repaid	2
removed	2
remove	2
remounted	2
reminds	2
reminded	2
remaining	2
rely	2
relied	2
reins	2
reigns	2
refusing	2
reft	2
reflecting	2
recognises	2
reclaimed	2
reckon	2
recked	2
receiving	2
raving	2
rattled	2
rate	2
railing	2
raiding	2
raid	2
quivered	2
quiet	2
quickened	2
questioned	2
quail	2
push	2
pursuing	2
purified	2
prowling	2
provided	2
proposes	2
propitiating	2
prompted	2
profit	2
prevaricate	2
presents	2
present	2
preceding	2
prating	2
prate	2
pondered	2
plundered	2
plumes	2
plucked	2
plough	2
plotted	2
pledging	2
plead	2
planed	2
plagued	2
pitying	2
pining	2
pillaged	2
piled	2
pestering	2
pester	2
persuading	2
perjure	2
perishing	2
performing	2
performed	2
perceive	2
peopled	2
pell-	2
pasture	2
parched	2
panting	2
pains	2
pacify	2
owns	2
owe	2
overwhelmed	2
overtook	2
overthrow	2
overthrew	2
overlaid	2
overhanging	2
outwit	2
ordering	2
ordain	2
oozing	2
offend	2
observe	2
obliged	2
obeying	2
nurtured	2
nurses	2
noticed	2
noised	2
neighing	2
neglected	2
needed	2
murdering	2
murdered	2
morrow	2
mistake	2
misconducting	2
mingled	2
mighty	2
menaced	2
melted	2
mated	2
matched	2
match	2
marvel	2
marrying	2
mangled	2
man	2
main	2
luring	2
listens	2
listening	2
lined	2
limping	2
levelled	2
learned	2
leap	2
lap	2
lagging	2
kissing	2
jumped	2
joining	2
jeering	2
invoked	2
intended	2
insulting	2
instruct	2
insists	2
inhabited	2
informed	2
inflamed	2
increase	2
inclines	2
imprisoned	2
imposing	2
impelled	2
hunt	2
hungering	2
hunched	2
hoped	2
hobbled	2
hits	2
hindered	2
hied	2
hie	2
hiding	2
hewn	2
heralds	2
hem	2
heifer	2
heeding	2
heaving	2
heat	2
hearted	2
hearkened	2
haunts	2
haunted	2
haste	2
harassing	2
harass	2
hangs	2
hanged	2
handing	2
hammering	2
haling	2
haled	2
hailed	2
guess	2
guarded	2
grudge	2
grovelling	2
grovelled	2
grip	2
greeted	2
greet	2
greaved	2
grazing	2
govern	2
gorges	2
gods	2
glorify	2
glorified	2
glittered	2
gladden	2
gibbering	2
gazed	2
gallops	2
gained	2
furs	2
foul	2
formed	2
forgave	2
forewarn	2
foretold	2
forbade	2
footed	2
folding	2
foiled	2
flocked	2
floated	2
flay	2
flattering	2
flatter	2
flaring	2
flakes	2
fix	2
fishing	2
fears	2
fawned	2
favour	2
fasting	2
fastening	2
fainted	2
failing	2
exposed	2
exchanged	2
exchange	2
examined	2
eurypylus	2
essayed	2
escorting	2
escaping	2
erewhile	2
ere	2
enveloped	2
enthroned	2
entertaining	2
entangled	2
enrich	2
enfolded	2
embroidering	2
embarked	2
elude	2
elated	2
echoed	2
ebbed	2
ebb	2
ease	2
dwelling	2
drying	2
drinks	2
dowered	2
doubting	2
dock	2
divined	2
divides	2
diverted	2
disturb	2
disregard	2
disquieted	2
disport	2
displease	2
disobeyed	2
dislike	2
disfigured	2
disdain	2
discomfited	2
disabled	2
dining	2
dine	2
digging	2
dig	2
devoured	2
detaining	2
deserve	2
desert	2
depart	2
deny	2
demands	2
delivers	2
delight	2
deeming	2
dedicated	2
decked	2
deceiving	2
daunt	2
darkened	2
dancing	2
cuts	2
cure	2
curbed	2
crowding	2
crowd	2
crossing	2
cowering	2
count	2
counsel	2
corn	2
cooped	2
convoyed	2
convened	2
continues	2
contended	2
contend	2
contains	2
contained	2
contain	2
consuming	2
consent	2
confirm	2
conferred	2
conceive	2
complaining	2
compelled	2
commit	2
commands	2
clutching	2
clung	2
clothe	2
cleanse	2
clapped	2
claiming	2
chieftains	2
cherish	2
cheeked	2
chastise	2
champing	2
chafes	2
catches	2
carve	2
cared	2
camping	2
calls	2
cajoled	2
busy	2
bursting	2
building	2
buffeted	2
buffet	2
budge	2
bubbling	2
brooded	2
bristling	2
brimming	2
breeds	2
boxing	2
box	2
bowing	2
bounds	2
bored	2
bolted	2
boils	2
bodes	2
boasts	2
boasting	2
boasted	2
blind	2
bleating	2
bide	2
beware	2
betrayed	2
betray	2
bestridden	2
bestir	2
beset	2
beloved	2
belongs	2
bellowing	2
bellied	2
believed	2
behaved	2
behave	2
beguiling	2
beguile	2
befriends	2
beach	2
baulked	2
battle	2
batten	2
barking	2
bared	2
backed	2
avoiding	2
avenging	2
availed	2
attacks	2
assuage	2
array	2
arranged	2
argue	2
argives	2
arching	2
arched	2
approach	2
applaud	2
appear	2
answering	2
amuse	2
allotted	2
afford	2
affect	2
advancing	2
addressing	2
adding	2
acquit	2
acquainted	2
accounted	2
accompanied	2
abounds	2
abode	2
-	2
yonder	1
yokes	1
yields	1
yelps	1
yearn	1
ye	1
yawned	1
yarded	1
wrung	1
wrinkled	1
wriggling	1
wriggled	1
wrecks	1
wrecking	1
wreaked	1
wreak	1
worsting	1
worship	1
worrying	1
works	1
woollen	1
woe	1
withholds	1
withhold	1
withheld	1
withered	1
withdraws	1
wiping	1
wins	1
winnowing	1
wills	1
whitened	1
whistle	1
whisks	1
whip	1
whine	1
whetting	1
whetted	1
whets	1
wheel	1
wet	1
westering	1
weigh	1
weeps	1
weaving	1
wears	1
weakened	1
weaken	1
waxing	1
waving	1
washes	1
warp	1
warns	1
warming	1
warmed	1
warding	1
warded	1
ward	1
warble	1
wanton	1
wallowing	1
walled	1
walking	1
waits	1
waisted	1
wail	1
wagging	1
voyaging	1
vomiting	1
vomit	1
voiced	1
visits	1
violate	1
villain	1
vexes	1
vested	1
veils	1
vaunts	1
usher	1
uprooting	1
uprooted	1
uproot	1
uprears	1
uprear	1
uplift	1
upholds	1
uphold	1
upheld	1
upheaved	1
unwearying	1
untiring	1
untied	1
unspoken	1
unsoiled	1
unsettling	1
unpractised	1
unloosed	1
unite	1
unharnessed	1
unfortunate	1
unforgiving	1
unfold	1
unflinching	1
unerring	1
undismayed	1
understand—''send	1
undergone	1
undergo	1
unburthened	1
unbound	1
unawarded	1
unattended	1
ulysses	1
tyro	1
twit	1
twisting	1
twisted	1
twanged	1
tugging	1
troubling	1
trodden	1
triumphed	1
tripped	1
trip	1
trifled	1
tries	1
tricked	1
trick	1
tremble	1
tread	1
traversed	1
traverse	1
trapped	1
transgressed	1
transgress	1
transfix	1
train	1
trailing	1
trail	1
track	1
town	1
towering	1
tower	1
tosses	1
toss	1
torture	1
torments	1
tormenting	1
toppling	1
toil	1
toasted	1
tires	1
tired	1
tipped	1
thwarts	1
thwart	1
thunderbolt	1
thrusts	1
thrusting	1
thrives	1
thrash	1
thither	1
thickens	1
thence	1
themselves	1
thawed	1
thatched	1
tempting	1
temper	1
tease	1
tears	1
teaches	1
teach	1
taunting	1
tasselled	1
tarry	1
tarried	1
tamed	1
tallied	1
talks	1
table	1
swooping	1
swooning	1
swinging	1
swineherd	1
swill	1
swift	1
swerving	1
swerves	1
swerve	1
swelled	1
sweeping	1
sweep	1
sweat	1
swaying	1
swaggering	1
surveyed	1
survey	1
surrounds	1
surrounding	1
surprise	1
surpassed	1
surnamed	1
surging	1
supposing	1
supersede	1
superintend	1
sup	1
sundown	1
summons	1
sulking	1
suing	1
suggested	1
suffused	1
suffice	1
suffers	1
sued	1
sucks	1
suckling	1
suck	1
succeeded	1
substance	1
suborning	1
subdue	1
stumbled	1
struggled	1
struggle	1
strove	1
striven	1
strings	1
stretches	1
stream	1
strayed	1
strangling	1
stranded	1
straightening	1
stowing	1
storming	1
stormed	1
stoop	1
stomach	1
stinted	1
stickle	1
sticking	1
sthenelus	1
stew	1
stem	1
steer	1
steel	1
steaming	1
steam	1
steals	1
steadying	1
staunching	1
staunched	1
starve	1
stamped	1
stalked	1
stagger	1
stablished	1
squires	1
squaring	1
spying	1
sputtered	1
spurring	1
spurns	1
spurn	1
sprouted	1
sprinkle	1
spouting	1
spotted	1
spilt	1
spilled	1
spied	1
spews	1
spends	1
spending	1
speeds	1
spears	1
spearing	1
spear-	1
speaks	1
spat	1
sparkling	1
spares	1
sown	1
sounds	1
soughed	1
sorrow	1
softened	1
sobbing	1
sobbed	1
sob	1
soared	1
soar	1
soaks	1
soaked	1
snows	1
snow	1
snorting	1
snatches	1
snaring	1
snare	1
snap	1
smoothing	1
smoothed	1
smooth	1
smoke	1
smelling	1
smeared	1
smarted	1
slobbered	1
slip	1
sling	1
slid	1
sliced	1
slaughtering	1
slackening	1
slackened	1
slack	1
skurrying	1
skulking	1
skirting	1
skirted	1
skin	1
skimmed	1
sinking	1
sink	1
sings	1
singling	1
singlehanded	1
singled	1
single-	1
singeing	1
singe	1
sighs	1
sighing	1
sighed	1
sift	1
siding	1
sided	1
shuttlecock	1
shuddering	1
shuddered	1
showering	1
shower	1
shovelled	1
shoulder	1
shoots	1
shod	1
shivered	1
shiver	1
shirts	1
shirked	1
shining	1
shifting	1
shew	1
shelving	1
sheltering	1
shedding	1
sheathed	1
sheathe	1
she-	1
shaved	1
shave	1
shatter	1
shaped	1
shape	1
shalt	1
shall	1
shaking	1
sewn	1
serving	1
service	1
separate	1
selected	1
seizes	1
seest	1
secured	1
searched	1
search	1
seafaring	1
scrubbed	1
screams	1
scratched	1
scolding	1
schooled	1
scheme	1
scented	1
scent	1
scattering	1
scatheless	1
scaring	1
scamander	1
scabbarded	1
say;—take	1
sawn	1
saving	1
saves	1
sated	1
sate	1
salutes	1
saluted	1
sails	1
sacred	1
rugged	1
rubbed	1
rovers	1
routs	1
rout	1
rounding	1
rounded	1
roughing	1
rooted	1
root	1
roost	1
rode	1
roars	1
risked	1
ripping	1
ripening	1
ripened	1
rinsed	1
ring	1
righted	1
rifting	1
rid	1
rewarded	1
revived	1
revile	1
reverend	1
reveal	1
retort	1
resuming	1
resumed	1
resume	1
resolute	1
resisted	1
resist	1
reside	1
resent	1
resembling	1
resembled	1
rescues	1
requited	1
required	1
reproved	1
repose	1
report	1
repent	1
repel	1
repeat	1
repay	1
repair	1
renowned	1
renewed	1
renew	1
remiss	1
reminding	1
relying	1
relent	1
relate	1
rekindle	1
rejoined	1
rejoices	1
rejects	1
reject	1
rein	1
regained	1
reflected	1
refitting	1
reel	1
reeking	1
reeked	1
reduced	1
redound	1
reddening	1
recruit	1
recovered	1
recoup	1
recount	1
reconsider	1
reconciles	1
recommend	1
recollect	1
recoiled	1
recoil	1
recognized	1
recognising	1
reclining	1
reclined	1
recline	1
recks	1
reckoning	1
reck	1
recalling	1
rebounded	1
reassured	1
reassure	1
rear	1
reaping	1
reaped	1
re	1
razed	1
ravening	1
ratify	1
rated	1
rapt	1
ransoms	1
ransomed	1
rankle	1
ranked	1
ramping	1
rains	1
railed	1
raided	1
rages	1
racing	1
quitted	1
quits	1
questioning	1
quarrelsome	1
quarreled	1
quaking	1
quake	1
quailing	1
puzzling	1
puzzled	1
purchased	1
purchase	1
punishing	1
pry	1
prowls	1
prowed	1
provoking	1
provisioned	1
proving	1
protects	1
protecting	1
prospered	1
proposed	1
prophesying	1
prophesy	1
prompt	1
promises	1
profiting	1
professed	1
profess	1
proclaimed	1
proclaim	1
proceeded	1
prizes	1
privateering	1
pride	1
pricked	1
prey	1
prevailed	1
presuming	1
presume	1
preferring	1
preferred	1
preach	1
prattling	1
praised	1
practised	1
practiced	1
practice	1
powder	1
pours	1
pounded	1
pouncing	1
pounced	1
pounce	1
pottering	1
portended	1
polished	1
poises	1
poise	1
pocket	1
ply	1
plunges	1
plume	1
plucks	1
plucking	1
pluck	1
plowed	1
plow	1
ploughing	1
plighted	1
plays	1
plated	1
planting	1
plant	1
plaited	1
plaguing	1
pitting	1
pitched	1
pisander	1
piloted	1
pierces	1
picks	1
picking	1
pervaded	1
persuades	1
persisted	1
persecuted	1
permitted	1
perforce	1
perching	1
penetrated	1
penelope	1
pelt	1
peering	1
peer	1
peeping	1
paused	1
pause	1
paunches	1
pattering	1
patched	1
pat	1
parts	1
partook	1
partaken	1
parch	1
panted	1
pant	1
pall	1
pain	1
pacing	1
pacified	1
owing	1
owed	1
overturned	1
overtaking	1
overtakes	1
overruling	1
override	1
overreach	1
overran	1
overpower	1
overleap	1
overlapped	1
overlap	1
overhung	1
overhear	1
overcame	1
overarching	1
outvied	1
outvie	1
outrage	1
outnumbered	1
outlive	1
outdone	1
ousted	1
oust	1
ours	1
orestes	1
oppress	1
openmouthed	1
oiled	1
offers	1
offending	1
occurred	1
occupy	1
occupied	1
obtaining	1
oblige	1
nymphs	1
numbered	1
nudged	1
notify	1
noticing	1
notice	1
none	1
nods	1
nod	1
nights	1
nigh	1
nibbling	1
netted	1
nestled	1
nerved	1
neighbouring	1
muzzled	1
muttering	1
murmur	1
munch	1
mown	1
mourns	1
mounting	1
motioned	1
morning	1
moisten	1
mock	1
moaning	1
moaned	1
mixes	1
mistrust	1
misled	1
misgave	1
misconduct	1
mischief-	1
misbehaved	1
mingle	1
mine	1
mimicked	1
migrated	1
metes	1
mete	1
meriones	1
mentor	1
mentioned	1
mention	1
melting	1
meddle	1
measuring-	1
meanwhile	1
meadow-	1
marshalling	1
marshal	1
march	1
mar	1
manure	1
mantled	1
manned	1
mankind	1
manifested	1
maltreated	1
maimed	1
maidens	1
maid	1
lusted	1
lure	1
lulls	1
lulled	1
lull	1
lowering	1
lowered	1
lowed	1
loses	1
lords	1
lopped	1
loosened	1
loitering	1
locked	1
loathing	1
loathed	1
loathe	1
loading	1
linger	1
limped	1
lights	1
lifts	1
lick	1
levying	1
level	1
lest	1
lent	1
lend	1
leaps	1
leans	1
leads	1
lawgiver	1
lavished	1
laugh	1
lasts	1
lasting	1
laps	1
languish	1
lament	1
lacking	1
lack	1
labours	1
laboured	1
kneeling	1
kneaded	1
kiss	1
kicks	1
kicking	1
keel	1
juno	1
jump	1
judged	1
judge	1
jointed	1
jeer	1
issued	1
irritated	1
irrigate	1
iron	1
invites	1
inviolate	1
invent	1
inveigled	1
inveigle	1
invade	1
introduce	1
interrupt	1
interpret	1
interlaced	1
interfere	1
interceded	1
inter	1
intends	1
intending	1
insure	1
instructed	1
inspires	1
inlaying	1
injure	1
infatuated	1
indulge	1
induce	1
incurring	1
incur	1
increasing	1
increased	1
inclined	1
inciting	1
incited	1
incense	1
imprison	1
impress	1
implanted	1
impart	1
imagine	1
illumined	1
ills	1
hymning	1
hustles	1
hustled	1
hussies	1
hush	1
hurting	1
hurls	1
hurling	1
howling	1
howbeit	1
housed	1
hounds	1
hounded	1
horrified	1
horned	1
hooked	1
hoodwink	1
honeyed	1
homed	1
hoeing	1
hobbling	1
hive	1
hired	1
hire	1
hindrance	1
hinder	1
hilted	1
hewing	1
hewed	1
hew	1
hesitating	1
hesitate	1
herded	1
heralded	1
hemming	1
helps	1
helm	1
heir	1
hedged	1
hecuba	1
hebe	1
heave	1
heats	1
heated	1
healing	1
head-	1
hasten	1
hasted	1
harried	1
harping	1
harnessing	1
harnessed	1
harness	1
harmed	1
hardened	1
harden	1
handling	1
hammered	1
hale	1
gushed	1
gush	1
gurgling	1
gull	1
guides	1
grunted	1
grudging	1
growled	1
growl	1
groping	1
groans	1
groan	1
grind	1
grilled	1
grill	1
grease	1
grated	1
grassed	1
granting	1
grafted	1
grace	1
gossiping	1
gobbled	1
gnawed	1
gnashing	1
gnashed	1
glutted	1
glowing	1
glorying	1
gloat	1
glide	1
glib	1
glares	1
glare	1
glanced	1
glance	1
girds	1
gilding	1
gilded	1
giggling	1
gibe	1
gated	1
gashed	1
garnish	1
gaping	1
gambolling	1
gambol	1
gallop	1
gadding	1
furthering	1
furthered	1
furrowed	1
furrow	1
furnished	1
fuddle	1
frustrate	1
frowned	1
frisking	1
frightening	1
fretting	1
fret	1
frequent	1
freighting	1
freeze	1
fostered	1
forms	1
forgets	1
forge	1
forfeit	1
foreshadows	1
foresee	1
foresaw	1
foreboded	1
forcing	1
forbids	1
foot	1
fools	1
fold	1
foiling	1
foe	1
foaming	1
foamed	1
flowery	1
flood	1
flocking	1
floats	1
flits	1
flit	1
flings	1
flight	1
fledged	1
flecked	1
flaying	1
flash	1
flare	1
fits	1
fishes	1
firing	1
fired	1
finishing	1
fine	1
figure	1
fig	1
fierce	1
fied	1
festooned	1
feigned	1
fawning	1
fault	1
fattening	1
fatten	1
fatted	1
fatigued	1
fathom	1
fashion	1
farewell	1
fares	1
far-	1
fancy	1
fainthearted	1
faint	1
faded	1
eyed	1
exults	1
exult	1
exterminate	1
expounded	1
expound	1
exploited	1
expects	1
exhausted	1
exert	1
excepting	1
excepted	1
excels	1
excelling	1
exceeds	1
exceeding	1
exceeded	1
examine	1
eurytus	1
establishing	1
espying	1
espied	1
esconced	1
equipped	1
equal	1
entreated	1
entrapping	1
entranced	1
entering	1
ensnare	1
enriches	1
enquiring	1
enlisting	1
engaged	1
enforce	1
endured	1
ends	1
ending	1
encourages	1
encirclest	1
enchanted	1
enchant	1
encased	1
enabled	1
emptied	1
embracing	1
embraced	1
embolden	1
embarking	1
embark	1
embank	1
elect	1
egging	1
effecting	1
effaced	1
eclipse	1
echoing	1
eats	1
dwellest	1
dwellers	1
dupe	1
duck	1
dry	1
drug	1
drowning	1
drown	1
drops	1
dropping	1
drooping	1
drooped	1
drip	1
drift	1
dries	1
dress	1
drenching	1
dreamed	1
dream	1
drain	1
drafting	1
draft	1
doughty	1
doubling	1
doubled	1
doting	1
don	1
diving	1
divines	1
divine	1
dives	1
diverting	1
dive	1
disturbed	1
distribute	1
distressing	1
distraught	1
distinguish	1
dissuaded	1
dissuade	1
dissipated	1
displayed	1
display	1
disperse	1
disparaging	1
disobeys	1
dismay	1
disinclined	1
disheartened	1
disgust	1
disguising	1
disfiguring	1
disfigure	1
disdaining	1
discuss	1
disconcerted	1
discomfits	1
discharge	1
disallow	1
directed	1
dips	1
dipping	1
dined	1
devours	1
devoted	1
devote	1
detested	1
determined	1
detain	1
detailed	1
destroys	1
despoiled	1
despoil	1
despatched	1
despatch	1
desist	1
desires	1
descend	1
depreciate	1
deplore	1
depends	1
depended	1
departing	1
deluged	1
defying	1
defy	1
defraud	1
defiled	1
defile	1
defer	1
defeated	1
defeat	1
deepened	1
deed	1
decoyed	1
decline	1
deck	1
decides	1
deceived	1
death-	1
deadened	1
dead	1
days	1
dawdle	1
dashing	1
dart	1
dares	1
dangling	1
dandled	1
damming	1
damaged	1
d	1
curvetted	1
cursed	1
curling	1
curing	1
curdled	1
cudgel	1
ctesippus	1
crushes	1
crunching	1
crunch	1
crows	1
crown	1
crouches	1
crooked	1
crests	1
credit	1
creatures	1
crawled	1
cramped	1
cracking	1
crack	1
cozen	1
cows	1
cower	1
cowed	1
covers	1
counting	1
counselling	1
costs	1
cooling	1
convulsed	1
convinced	1
convince	1
convey	1
conversing	1
convene	1
control	1
contribute	1
continuing	1
containing	1
consulting	1
consulted	1
conquer	1
connected	1
conjecture	1
congratulated	1
confound	1
conditioned	1
conclude	1
conciliate	1
concerns	1
concede	1
concealment	1
conceal	1
compose	1
competing	1
competed	1
compel	1
compassing	1
commune	1
committing	1
commits	1
commend	1
command	1
coloured	1
colonised	1
collect	1
coated	1
clubfooted	1
clubbed	1
clip	1
cling	1
cleaves	1
clears	1
cleared	1
cleanses	1
cleaning	1
cleaned	1
clattered	1
clapping	1
clamouring	1
clamoured	1
claimed	1
circling	1
circled	1
chuckle	1
chopped	1
choosing	1
choking	1
choked	1
chirrup	1
cherished	1
cheers	1
chaunting	1
chaunted	1
chattered	1
charring	1
charms	1
charming	1
champion	1
challenges	1
chafe	1
certify	1
celebrated	1
carved	1
caring	1
caressing	1
career	1
carding	1
capturing	1
capture	1
captain	1
camp	1
calmed	1
buzz	1
butchering	1
butchered	1
butcher	1
busying	1
bustled	1
burying	1
burdened	1
buoy	1
bunched	1
buffeting	1
buds	1
bud	1
buckled	1
bubbled	1
bruise	1
brows	1
bronzed	1
bronze	1
broach	1
bristled	1
bridging	1
brides	1
bribed	1
breeding	1
breathes	1
brawling	1
braves	1
brandish	1
branded	1
bragging	1
bows	1
boring	1
boots	1
boot	1
boons	1
bolting	1
boiled	1
boil	1
bode	1
blubbering	1
blown	1
blotted	1
blinding	1
bleeds	1
bleat	1
bleared	1
blear	1
bleached	1
blazes	1
blaming	1
blamed	1
birth	1
bided	1
bewitched	1
bewildered	1
bewailing	1
bewail	1
betide	1
bestudded	1
bestriding	1
bestrewn	1
bestirred	1
bespatter	1
beseeching	1
bends	1
belonged	1
belong	1
bellow	1
believes	1
beleaguering	1
beleaguered	1
behooves	1
beholding	1
behead	1
begs	1
befriended	1
bedded	1
beckoned	1
becalmed	1
beautified	1
beaming	1
baying	1
battled	1
battering	1
bathed	1
bathe	1
bate	1
bask	1
barred	1
baring	1
bargaining	1
bare	1
barbed	1
banqueting	1
banishes	1
banish	1
banes	1
baned	1
bane	1
bandying	1
bait	1
backing	1
axe	1
awaited	1
avowed	1
avert	1
avail	1
attempted	1
attempt	1
astonish	1
assures	1
assure	1
assist	1
assailing	1
assailed	1
ash	1
ascend	1
arrows	1
arrived	1
arose	1
approve	1
apprehend	1
appointed	1
applied	1
appeal	1
antlered	1
annoyed	1
anger	1
ancled	1
anchor	1
amaze	1
amassed	1
almighty	1
allows	1
allotting	1
alighting	1
alarm	1
ajax	1
aiding	1
aid	1
agree	1
aged	1
afflicts	1
afflicted	1
affected	1
adzed	1
advised	1
adorning	1
adorn	1
adored	1
admit	1
admiring	1
address	1
acting	1
acknowledge	1
aching	1
accusing	1
accomplish	1
accepted	1
abusing	1
abuse	1
abiding	1
abetting	1
abated	1
abate	1
