adjective	frequency
old	442
other	413
great	297
little	235
more	232
same	211
long	210
last	209
such	200
own	200
good	196
white	168
many	154
first	150
whale	134
small	125
full	114
whole	112
poor	109
strange	98
much	96
few	93
certain	89
dead	87
true	85
wild	83
young	79
large	79
black	75
high	74
vast	73
sperm	71
most	71
very	70
like	69
least	69
general	61
open	59
short	57
present	57
fine	57
second	56
peculiar	56
entire	55
broad	55
deep	54
curious	54
right	53
main	52
best	51
mast	50
dark	50
hard	49
particular	48
lower	48
common	48
several	47
mighty	46
green	44
noble	43
next	43
grand	43
wondrous	42
round	41
only	41
mere	41
better	41
new	40
wide	39
sudden	39
single	39
various	38
sharp	38
ready	38
mortal	38
whaling	37
sure	37
famous	37
strong	36
previous	35
heavy	35
easy	35
unknown	34
quick	34
mad	34
human	34
blue	34
red	33
natural	33
fair	33
visible	32
indian	32
half	32
proper	31
fresh	31
soft	30
possible	30
huge	30
clear	30
vain	29
upper	29
steady	29
plain	29
final	29
top	28
mild	28
low	28
free	28
fast	28
chief	28
ancient	28
wooden	27
live	27
less	27
cold	27
sweet	26
enormous	26
considerable	26
american	26
alive	26
third	25
thick	25
similar	25
silent	25
different	25
wise	24
watery	24
royal	24
regular	24
loose	24
english	24
complete	24
real	23
hot	23
fiery	23
d''ye	23
bright	23
wonderful	22
terrible	22
tall	22
worse	21
warm	21
swift	21
distant	21
deadly	21
spare	20
slightest	20
gigantic	20
former	20
empty	20
-	20
yellow	19
solitary	19
profound	19
precise	19
outer	19
original	19
ordinary	19
largest	19
important	19
eternal	19
enough	19
close	19
awful	19
straight	18
secret	18
prodigious	18
precious	18
pale	18
nameless	18
modern	18
lofty	18
intense	18
golden	18
dutch	18
thin	17
solid	17
separate	17
late	17
hollow	17
higher	17
foolish	17
fatal	17
cool	17
careful	17
broken	17
brave	17
bold	17
bad	17
unaccountable	16
scientific	16
rare	16
numerous	16
keen	16
ivory	16
invisible	16
impossible	16
immense	16
distinct	16
clean	16
violent	15
uncommon	15
special	15
perilous	15
mystic	15
marvellous	15
latter	15
horrible	15
horizontal	15
frantic	15
endless	15
civilized	15
calm	15
afraid	15
worth	14
weary	14
utmost	14
unseen	14
terrific	14
pleasant	14
lively	14
light	14
immortal	14
ill	14
french	14
earthly	14
customary	14
critical	14
continual	14
content	14
blind	14
subsequent	13
remarkable	13
private	13
practical	13
ponderous	13
pointed	13
opposite	13
honest	13
greater	13
gallant	13
extreme	13
eager	13
double	13
dim	13
deeper	13
dangerous	13
christian	13
big	13
unusual	12
unearthly	12
social	12
roman	12
rapid	12
quiet	12
past	12
native	12
narrow	12
naked	12
middle	12
lonely	12
holy	12
greatest	12
glad	12
further	12
fearful	12
external	12
excellent	12
equal	12
dumb	12
dry	12
desperate	12
crazy	12
additional	12
valuable	11
temporary	11
superior	11
subtle	11
stranger	11
spiritual	11
simple	11
significant	11
pagan	11
oriental	11
odd	11
obvious	11
mysterious	11
lovely	11
loud	11
left	11
leeward	11
known	11
indispensable	11
indifferent	11
hearted	11
fierce	11
convenient	11
central	11
wicked	10
vital	10
venerable	10
valiant	10
vague	10
uncertain	10
superstitious	10
spanish	10
southern	10
solemn	10
smallest	10
smaller	10
sick	10
serious	10
scarce	10
remote	10
pious	10
perpendicular	10
nearest	10
murderous	10
moody	10
monstrous	10
lean	10
inferior	10
individual	10
ignorant	10
hideous	10
grim	10
foul	10
fancy	10
faint	10
domestic	10
direful	10
dense	10
dear	10
cunning	10
clumsy	10
bodily	10
armed	10
appalling	10
vivid	9
vigorous	9
usual	9
unspeakable	9
tumultuous	9
troubled	9
tremendous	9
stiff	9
stern	9
stark	9
singular	9
seventh	9
sensible	9
savage	9
sad	9
queer	9
outward	9
occasional	9
northern	9
nigh	9
nervous	9
negro	9
mystical	9
miserable	9
malicious	9
larger	9
intolerable	9
interior	9
independent	9
incredible	9
imperial	9
grey	9
fourth	9
firm	9
fat	9
fashioned	9
far	9
everlasting	9
direct	9
devilish	9
confidential	9
bent	9
barbaric	9
awake	9
anxious	9
absent	9
able	9
worthy	8
western	8
unnatural	8
universal	8
transparent	8
timid	8
stout	8
spinal	8
specific	8
sole	8
snowy	8
smooth	8
slow	8
slight	8
rolling	8
rich	8
reasonable	8
pure	8
preliminary	8
popular	8
lucky	8
japanese	8
interesting	8
intent	8
inscrutable	8
infernal	8
hopeless	8
historical	8
highest	8
hardy	8
happy	8
grown	8
german	8
gay	8
future	8
foreign	8
fellow	8
exact	8
evil	8
earnest	8
daily	8
cruel	8
crooked	8
conscious	8
comfortable	8
brief	8
bitter	8
beautiful	8
active	8
about	8
wretched	7
wilful	7
upright	7
unctuous	7
ultimate	7
surprising	7
supernatural	7
stove	7
square	7
spout	7
sober	7
sized	7
shaggy	7
serene	7
sacred	7
romantic	7
revolving	7
proud	7
prolonged	7
pine	7
necessary	7
melancholy	7
mechanical	7
measureless	7
majestic	7
magnetic	7
lone	7
intelligent	7
inexplicable	7
inasmuch	7
immediate	7
identical	7
honorable	7
gentle	7
furious	7
funny	7
fearless	7
false	7
faithful	7
extraordinary	7
equatorial	7
enchanted	7
elevated	7
elastic	7
early	7
dull	7
dismal	7
delicate	7
conspicuous	7
busy	7
buoyant	7
brown	7
bottomless	7
bloody	7
bare	7
aught	7
apt	7
alone	7
wrong	6
wrinkled	6
woollen	6
wet	6
useless	6
uplifted	6
unnecessary	6
unconscious	6
treacherous	6
sullen	6
striking	6
strained	6
slouched	6
slippery	6
sleepy	6
silvery	6
seeming	6
sagacious	6
safe	6
ripe	6
probable	6
prime	6
potent	6
portentous	6
polished	6
polar	6
peaceful	6
motionless	6
minded	6
leviathanic	6
leaky	6
irregular	6
insufferable	6
inclined	6
immemorial	6
humorous	6
hidden	6
hereditary	6
heedful	6
heathenish	6
harmless	6
handed	6
frozen	6
fro	6
frightened	6
fragrant	6
foremost	6
fore	6
fond	6
flat	6
finest	6
fifth	6
extra	6
experienced	6
due	6
dreadful	6
divine	6
dexterous	6
deepest	6
decent	6
correct	6
conscientious	6
comparative	6
colossal	6
circular	6
capable	6
brawny	6
blank	6
bearded	6
aware	6
audacious	6
amazing	6
vertical	5
vengeful	5
vapory	5
vacant	5
utter	5
useful	5
unwonted	5
unimaginable	5
unharmed	5
unconditional	5
tough	5
touching	5
tolerable	5
tempestuous	5
swart	5
sunny	5
sunken	5
sufficient	5
successive	5
successful	5
subterranean	5
sublime	5
stubborn	5
strongest	5
steep	5
speedy	5
sorry	5
severe	5
semi	5
secure	5
saith	5
rude	5
ridiculous	5
remorseless	5
reliable	5
reckless	5
random	5
prudent	5
professional	5
pretty	5
preternatural	5
pre	5
polite	5
outlandish	5
mutual	5
mouldy	5
monomaniac	5
military	5
maternal	5
massive	5
marchant	5
looking	5
loaded	5
lighter	5
leathern	5
laden	5
joint	5
irresistible	5
internal	5
instantaneous	5
inner	5
infinite	5
incredulous	5
impatient	5
imminent	5
hospitable	5
heavenly	5
hearty	5
healthy	5
haughty	5
guilty	5
gracious	5
gold	5
glorious	5
gloomy	5
generous	5
furthest	5
forward	5
foremast	5
familiar	5
fabulous	5
exhausted	5
excited	5
egyptian	5
dusky	5
dreary	5
discernible	5
deliberate	5
darker	5
credulous	5
countless	5
cosy	5
corrupt	5
coral	5
continuous	5
constant	5
congenial	5
comical	5
colored	5
closed	5
cheerful	5
celestial	5
cannibal	5
backward	5
asleep	5
artificial	5
aright	5
anatomical	5
affrighted	5
admirable	5
woof	4
willing	4
well	4
welcome	4
warp	4
visual	4
veritable	4
unworthy	4
untutored	4
unsounded	4
unrecorded	4
unobstructed	4
unconquerable	4
unalterable	4
twisted	4
twin	4
turkish	4
tropical	4
tranquil	4
tragic	4
tossed	4
token	4
tight	4
tertiary	4
tendinous	4
tender	4
tawny	4
tame	4
suspicious	4
surprised	4
supplementary	4
sufferable	4
submerged	4
stronger	4
strict	4
strangest	4
stationary	4
stately	4
splintered	4
south	4
sociable	4
silver	4
silly	4
sidelong	4
sharper	4
shallow	4
russian	4
rough	4
rocky	4
riotous	4
respective	4
regal	4
ragged	4
purple	4
primal	4
prepared	4
predestinated	4
practicable	4
plaited	4
physical	4
personal	4
permanent	4
periodical	4
peaceable	4
parallel	4
palpable	4
pallid	4
oldest	4
oily	4
official	4
oblivious	4
oaken	4
numberless	4
nautical	4
naught	4
mouthed	4
momentous	4
mixed	4
mistaken	4
miscellaneous	4
miraculous	4
mightiest	4
manned	4
loftiest	4
lifeless	4
learned	4
larboard	4
laborious	4
kindred	4
kind	4
italian	4
involved	4
invariable	4
intrepid	4
insular	4
innocent	4
innermost	4
infallible	4
indolent	4
indefinite	4
impregnable	4
impious	4
hooded	4
helpless	4
heedless	4
heartless	4
haired	4
greek	4
gorgeous	4
globular	4
geological	4
genial	4
generic	4
fullest	4
frosty	4
friendly	4
fishy	4
express	4
eastern	4
earliest	4
downward	4
distrustful	4
determined	4
detached	4
desolate	4
darted	4
daring	4
damp	4
crescentic	4
creamy	4
convivial	4
contemptible	4
confident	4
conceivable	4
complicated	4
competent	4
closer	4
clenched	4
charitable	4
cautious	4
careless	4
brisk	4
boundless	4
bitterest	4
benevolent	4
beloved	4
bankrupt	4
atmospheric	4
arched	4
apparent	4
akin	4
aged	4
affectionate	4
adventurous	4
adrift	4
accustomed	4
absolute	4
above	4
aboriginal	4
wheeled	3
welded	3
walled	3
vivacious	3
virgin	3
vindictive	3
villanous	3
vile	3
vigilant	3
verdant	3
venetian	3
untoward	3
untouched	3
unsavory	3
unquestionable	3
unprovided	3
unprecedented	3
unpleasant	3
unobserved	3
unmolested	3
unmanufactured	3
unfathomable	3
uncounted	3
uncommonly	3
uncomfortable	3
uncivilized	3
unbroken	3
unabated	3
ugly	3
truest	3
tropic	3
triangular	3
tremulous	3
timely	3
thorough	3
thickest	3
tenth	3
syrian	3
symmetrical	3
sweeping	3
superfluous	3
subterraneous	3
substantial	3
subordinate	3
steadfast	3
startling	3
sporty	3
speechless	3
spasmodic	3
sparkling	3
sound	3
sore	3
sooty	3
soothing	3
sinful	3
side	3
sicilian	3
shocking	3
sheer	3
shattered	3
sharkish	3
shabby	3
semicircular	3
scornful	3
scorched	3
savory	3
satisfactory	3
salted	3
saddest	3
sable	3
ruthless	3
rusty	3
romish	3
robust	3
righteous	3
ribbed	3
rheumatic	3
restless	3
respectable	3
rear	3
rascal	3
queerest	3
purplish	3
purest	3
public	3
prudential	3
principal	3
primitive	3
powerful	3
positive	3
portable	3
poky	3
poisonous	3
poetic	3
plump	3
pleased	3
playful	3
pitiful	3
pitiable	3
pirate	3
pervading	3
peruvian	3
persian	3
perfect	3
peaked	3
patient	3
patagonian	3
passionate	3
palmy	3
overbearing	3
outrageous	3
ominous	3
odorous	3
notorious	3
noteworthy	3
noiseless	3
noblest	3
nimble	3
nice	3
neutral	3
net	3
neat	3
near	3
naval	3
natured	3
mundane	3
mountainous	3
moral	3
minutest	3
minute	3
milky	3
mid	3
metropolitan	3
methodic	3
merry	3
melted	3
mean	3
mathematical	3
maritime	3
manifold	3
malignant	3
male	3
magnanimous	3
magic	3
lowest	3
lost	3
longest	3
local	3
liberal	3
liable	3
levelled	3
legged	3
legendary	3
leading	3
lazy	3
latest	3
key	3
keenest	3
juicy	3
joyous	3
joyful	3
jewelled	3
isolated	3
inward	3
involuntary	3
invaluable	3
intricate	3
intimate	3
intermediate	3
intellectual	3
instant	3
insignificant	3
inseparable	3
insane	3
inordinate	3
inherent	3
ingenious	3
inert	3
ineffable	3
inconsiderable	3
incommunicable	3
incessant	3
incarnate	3
incapable	3
impersonal	3
impenetrable	3
immovable	3
immaculate	3
ignoble	3
hundredth	3
hostile	3
holiest	3
hoky	3
hoisted	3
hilarious	3
hempen	3
headlong	3
harpoon	3
harem	3
hapless	3
handy	3
handsome	3
hairy	3
gunwale	3
gregarious	3
grave	3
grateful	3
graceful	3
glossy	3
ghostly	3
genuine	3
gamesome	3
fugitive	3
front	3
frigid	3
frightful	3
frequent	3
forked	3
flexible	3
fit	3
female	3
fancied	3
facetious	3
fable	3
eyed	3
extensive	3
expressive	3
exalted	3
essential	3
ere	3
elusive	3
earlier	3
dusty	3
dubious	3
dreamy	3
dreaded	3
dramatic	3
drab	3
downcast	3
disposed	3
disengaged	3
disastrous	3
disabled	3
direst	3
devious	3
desirable	3
delicious	3
deaf	3
deadliest	3
danish	3
crisp	3
crippled	3
craven	3
corporeal	3
contradictory	3
contemporary	3
consecutive	3
confluent	3
concerned	3
compact	3
cogent	3
chinese	3
cheerless	3
carved	3
captive	3
capricious	3
brighter	3
boisterous	3
bleak	3
beheld	3
barbed	3
barbarous	3
back	3
average	3
authentic	3
asiatic	3
arsacidean	3
aromatic	3
applicable	3
apoplexy	3
antarctic	3
anon	3
annual	3
angular	3
ample	3
ambitious	3
ambiguous	3
agonizing	3
african	3
adamite	3
actual	3
abundant	3
absurd	3
abominable	3
275th	3
youthful	2
younger	2
yellowish	2
wrenched	2
wrecked	2
worst	2
wolfish	2
woful	2
witty	2
withered	2
wisest	2
wildest	2
widest	2
wholesome	2
whitish	2
whitened	2
weighty	2
weekly	2
weariness	2
wealthy	2
wakeful	2
waggish	2
vernal	2
verbal	2
utilitarian	2
upwards	2
upward	2
uppermost	2
up	2
unwritten	2
unwearied	2
unwarranted	2
unwarrantable	2
unvitiated	2
untravelled	2
unsuspected	2
unsophisticated	2
unshored	2
unseasonable	2
unsafe	2
unrelieved	2
unreasonable	2
unnearable	2
unmistakable	2
unmindful	2
unmannerly	2
uninterrupted	2
unintermitted	2
unintelligent	2
uninjured	2
uninhabited	2
uniform	2
unholy	2
unhinged	2
unheeded	2
unharming	2
ungrateful	2
unfrequent	2
unfortunate	2
unexpected	2
unerring	2
uneasy	2
undoubted	2
undisputed	2
undiscovered	2
undiscernible	2
undeviating	2
undeveloped	2
undeniable	2
undaunted	2
uncompromised	2
unbounded	2
unbidden	2
unavoidable	2
unappalled	2
unaccompanied	2
ubiquitous	2
turbid	2
tufted	2
trustworthy	2
triumphant	2
tri	2
transient	2
tranced	2
torrid	2
torn	2
topmost	2
tidy	2
ticklish	2
thousandth	2
thinnest	2
theoretic	2
theirs	2
tedious	2
technical	2
tattooed	2
tantamount	2
tallow	2
tailed	2
tacit	2
systematic	2
sympathetic	2
suspended	2
surplus	2
supplemental	2
superlative	2
superficial	2
sundry	2
sulky	2
suffusing	2
subtlest	2
substantiated	2
subsiding	2
subject	2
stumped	2
stray	2
stranded	2
stoutest	2
stormy	2
storied	2
stiffest	2
staple	2
staid	2
staggering	2
squid	2
spread	2
spermaceti	2
specimen	2
spacious	2
soundest	2
solar	2
snug	2
snaky	2
smoky	2
smitten	2
slumbering	2
sluggish	2
sloop	2
slighter	2
slavish	2
slack	2
skirted	2
skilful	2
sinister	2
silken	2
siamese	2
shirr	2
sheaved	2
shameful	2
shaded	2
sepulchral	2
sentimental	2
seductive	2
seated	2
seasoned	2
sculptured	2
screwed	2
scorn	2
sceptical	2
scandinavian	2
sane	2
sacrificial	2
running	2
ruinous	2
rudimental	2
rounded	2
rosy	2
roared	2
rival	2
rigid	2
rigging	2
richer	2
reversed	2
resplendent	2
respectful	2
reserved	2
requisite	2
repose	2
remotest	2
religious	2
relative	2
redundant	2
recumbent	2
recent	2
rapacious	2
quiescent	2
quickest	2
quicker	2
qualified	2
pyramidical	2
puzzling	2
punctilious	2
pugnacious	2
pronged	2
promising	2
primary	2
presbyterian	2
preposterous	2
premature	2
pregnant	2
powerless	2
portuguese	2
populous	2
polynesian	2
political	2
poetical	2
pleated	2
plainest	2
placeless	2
piteous	2
piratical	2
physiognomical	2
phrenological	2
perfidious	2
perennial	2
peremptory	2
pendulous	2
paternal	2
parted	2
parmacetty	2
paramount	2
pantheistic	2
painful	2
packed	2
overladen	2
outstretched	2
outermost	2
ostentatious	2
ornamented	2
opulent	2
opposing	2
omniscient	2
older	2
obsolete	2
observable	2
oblong	2
oblique	2
nominal	2
nobler	2
negative	2
national	2
mutinous	2
musical	2
murky	2
mumbling	2
multitudinous	2
movable	2
moot	2
momentary	2
moderate	2
misty	2
misanthropic	2
microscopic	2
metaphysical	2
memorable	2
meditative	2
meanest	2
mealy	2
meagre	2
material	2
martial	2
marshy	2
marked	2
mainmast	2
magnifying	2
magnificent	2
magical	2
luxurious	2
lowly	2
lowermost	2
loosened	2
loath	2
living	2
lithe	2
lipped	2
linear	2
likely	2
lifted	2
lest	2
legal	2
lawless	2
landless	2
landed	2
la	2
knotted	2
kindly	2
junior	2
jealous	2
jagged	2
irritated	2
inverted	2
intact	2
insulated	2
insatiate	2
inmost	2
inland	2
inlaid	2
inglorious	2
inflexible	2
infiltrated	2
infatuated	2
inexpressible	2
inexorable	2
inevitable	2
inestimable	2
inelegant	2
indirect	2
indignant	2
indestructible	2
indefatigable	2
incompetent	2
incompatible	2
inclusive	2
incalculable	2
inaudible	2
inaccessible	2
imputable	2
impulsive	2
impressive	2
imperturbable	2
impertinent	2
imperilled	2
imperfect	2
impartial	2
immeasureable	2
imaginative	2
imaginary	2
illustrative	2
idle	2
hurrying	2
hurried	2
hunted	2
hungry	2
hung	2
humpbacked	2
humble	2
humane	2
hugest	2
hued	2
hopeful	2
hooked	2
hitherto	2
hieroglyphic	2
heroic	2
helmeted	2
hebrew	2
heaviest	2
heavier	2
heated	2
headed	2
hawaiian	2
hasty	2
happier	2
hammock	2
guttural	2
grotesque	2
gritted	2
grego	2
greenhorn	2
grecian	2
grassy	2
gradual	2
gothic	2
goodly	2
godly	2
glowing	2
glassy	2
glancing	2
girth	2
gentlemanlike	2
frosted	2
freer	2
fragmentary	2
fossiliferous	2
formidable	2
formal	2
forlorn	2
foreboding	2
footed	2
fold	2
flung	2
fluid	2
floating	2
fleeting	2
flaxen	2
flaming	2
fixed	2
fitful	2
finny	2
finished	2
fiftieth	2
ferocious	2
feeble	2
favorite	2
fastidious	2
fantastic	2
famed	2
faintest	2
faced	2
extremest	2
extinct	2
extended	2
extant	2
expensive	2
expansive	2
exhilarating	2
exhaled	2
exclaimed	2
exciting	2
excessive	2
exasperated	2
evangelical	2
european	2
ethiopian	2
erudite	2
entangled	2
enigmatical	2
emblematical	2
elegant	2
elated	2
elaborate	2
egotistical	2
economical	2
eastward	2
easiest	2
easier	2
earthy	2
dyspeptic	2
drunk	2
dromedary	2
dripping	2
dressed	2
downright	2
domineering	2
doleful	2
docile	2
distressed	2
distracted	2
distinguished	2
distinctive	2
distended	2
dissimilar	2
disappointed	2
disagreeable	2
dirty	2
diminished	2
diligent	2
diabolical	2
devout	2
detestable	2
detailed	2
destitute	2
democratic	2
delirious	2
delightful	2
delighted	2
deformed	2
deceptive	2
dare	2
dandy	2
cuvier	2
curved	2
curling	2
curled	2
cubic	2
crushed	2
cruellest	2
crowning	2
cranial	2
courageous	2
costly	2
costliest	2
corresponding	2
cooked	2
contrary	2
continental	2
contemplative	2
constitutional	2
consequent	2
confused	2
concentric	2
concentrated	2
comprehensive	2
comprehensible	2
complexioned	2
commercial	2
combined	2
colorless	2
collateral	2
cobbling	2
cloven	2
civil	2
circumstantial	2
chiefly	2
cheery	2
cheeked	2
cheap	2
characteristic	2
casual	2
capacious	2
callest	2
bulky	2
brotherly	2
broke	2
brittle	2
british	2
brilliant	2
brigandish	2
bravest	2
bluish	2
bloodthirsty	2
bland	2
biggest	2
bigger	2
bended	2
befooled	2
becalmed	2
beaked	2
barren	2
baronial	2
bald	2
balanced	2
baked	2
available	2
attentive	2
astonishing	2
astonished	2
aslant	2
artistic	2
arithmetic	2
archangelic	2
apothecary	2
antichronical	2
antediluvian	2
anonymous	2
anomalous	2
analogous	2
almighty	2
alien	2
alert	2
agitated	2
afresh	2
afire	2
advanced	2
adjoining	2
adjacent	2
adequate	2
accomplished	2
abound	2
abhorred	2
15th	2
youngish	1
youngest	1
yielding	1
wrung	1
wrought	1
wrest	1
wounded	1
worried	1
worn	1
worldly	1
wordless	1
wonted	1
wondrously	1
wonderment	1
wonderfullest	1
witted	1
wiseish	1
winsome	1
windy	1
windward	1
wight	1
whooping	1
whoop	1
whitewashed	1
whitest	1
whist	1
"whisper--""give"	1
whalebone	1
whale).--this	1
whale!--ho	1
wetter	1
westward	1
westerly	1
west	1
weightiest	1
weedy	1
wee	1
wedged	1
wedded	1
weariest	1
wearied	1
wealthiest	1
weaker	1
weakened	1
weak	1
wayward	1
way!--there	1
wary	1
warped	1
warmer	1
wantest	1
wane	1
waif	1
voracious	1
voluntary	1
volatile	1
virtuous	1
victorious	1
vexatious	1
veteran	1
veracious	1
veined	1
veiled	1
vagrant	1
used	1
urgent	1
urbane	1
upbubble	1
unyielding	1
unwound	1
unwithdrawn	1
unwilted	1
unwilling	1
unwieldy	1
unwelcome	1
unwedded	1
unwarped	1
unverdured	1
unusable	1
untrodden	1
untraceable	1
untouchable	1
untold	1
untimely	1
unthought	1
untattooed	1
untasted	1
untainted	1
unsuspecting	1
unsurrendered	1
unsurrenderable	1
unsuppressable	1
unsupplied	1
unsullied	1
unsuccessful	1
unsubstantial	1
unsubduable	1
unstricken	1
unstreaked	1
unstranded	1
unstarched	1
unstaked	1
unspotted	1
unspoken	1
unsplinterable	1
unspeckled	1
unsourced	1
unsolved	1
unsolicited	1
unsocial	1
unsmoothable	1
unskilful	1
unshunned	1
unshorn	1
unsettled	1
unsetting	1
unset	1
unseamanlike	1
unsealed	1
unscrupulous	1
unscrew	1
unscientific	1
unscathed	1
unsaid	1
unrolled	1
unrivalled	1
unrighteous	1
unrigged	1
unrifled	1
unreverenced	1
unretracing	1
unremoved	1
unreliable	1
unrelenting	1
unread	1
unquiet	1
unpublished	1
unprofitable	1
unprofessional	1
unprepared	1
unprejudiced	1
unpolluted	1
unpoetical	1
unparticipated	1
unpanelled	1
unpainted	1
unoutgrown	1
unostentatious	1
unoccupied	1
unobtrusive	1
unobservant	1
unnamable	1
unmomentous	1
unmixed	1
unmitigated	1
unmerited	1
unmentionable	1
unmeasured	1
unmarred	1
unmanned	1
unmanifested	1
unlimited	1
unlimbed	1
unlikely	1
unlighted	1
united	1
unique	1
unintegral	1
uninjurable	1
unimpressed	1
unimaginative	1
unilluminated	1
unicorn	1
unhooped	1
unhinted	1
unhaunted	1
unhappy	1
ungraspable	1
ungraduated	1
ungracious	1
ungovernable	1
ungodly	1
ungentlemanly	1
ungarnished	1
ungainly	1
unfurnished	1
unfriendly	1
unfrequented	1
unfractioned	1
unfort''nate	1
unforgiven	1
unforeseen	1
unflinching	1
unflattering	1
unfinished	1
unfeatured	1
unfavorable	1
unfathered	1
unfamiliar	1
unfaltering	1
unfallen	1
unfair	1
unfailing	1
unextinguished	1
unexhilarated	1
unexhausted	1
unexempt	1
unexampled	1
unexaggerating	1
unexaggerated	1
uneventfulness	1
uneven	1
unequal	1
unentered	1
unensanguined	1
unendurable	1
unearthed	1
unduly	1
undue	1
undressed	1
undraped	1
undone	1
undivided	1
undiscriminating	1
undiscoverable	1
undiluted	1
undignified	1
undigested	1
undetected	1
undetached	1
underived	1
underground	1
undeliverable	1
undefiled	1
undecreasing	1
undecipherable	1
undecided	1
undecayed	1
undashed	1
uncracked	1
uncouth	1
uncontinented	1
unconsumed	1
unconcluded	1
uncompleted	1
unclouded	1
unclad	1
unchristian	1
uncharted	1
unchanging	1
unchanged	1
unchangeable	1
unchallenged	1
uncatastrophied	1
uncapturable	1
uncanonical	1
unborn	1
unbodied	1
unbiddenly	1
unbiased	1
unbent	1
unawed	1
unattended	1
unastonished	1
unassailable	1
unappropriated	1
unapprehensive	1
unappeasable	1
unanswerable	1
unalloyed	1
unachieved	1
unaccustomed	1
unaccounted	1
umbilical	1
ulcerous	1
ugliest	1
tyrannical	1
tutelary	1
tusked	1
turnstile	1
turbaned	1
tunic	1
truthful	1
troublesome	1
trivial	1
triune	1
trembling	1
transplanted	1
transcendental	1
tranque	1
traditional	1
traceable	1
tow	1
toughest	1
tougher	1
touchy	1
total	1
tornadoed	1
toothless	1
titanic	1
tiny	1
timorous	1
timeliest	1
tidiest	1
tic	1
thunderous	1
thronged	1
thriving	1
threatening	1
thoughtless	1
thoughtful	1
thoughted	1
thinner	1
thimbleful	1
thicker	1
there?--the	1
the--	1
territorial	1
terraqueous	1
tell	1
tearless	1
tear	1
tattered	1
tasting	1
tasselled	1
tasseled	1
tartarian	1
tartarean	1
tarshish	1
tapering	1
tanned	1
tallest	1
taller	1
talkest	1
tail,--	1
t''gallant	1
systematized	1
sympathetical	1
swiftest	1
swelled	1
sweetest	1
sweeter	1
swarthy	1
swarming	1
swallar	1
sustained	1
susceptible	1
surly	1
surest	1
supreme	1
superseded	1
supernal	1
superhuman	1
superb	1
sunniest	1
sulphurous	1
suitable	1
sugary	1
suburban	1
substantive	1
subservient	1
stupid	1
stunning	1
studious	1
stubbornest	1
stubble	1
structural	1
strivest	1
stript	1
stretched	1
strenuous	1
straightened	1
stoneless	1
stockinged	1
stirring	1
stingy	1
sticking	1
staved	1
statutory	1
statistical	1
stateliest	1
starved	1
starred	1
standard	1
stalwart	1
stained	1
stagnant	1
staggered	1
squitchy	1
sprung	1
sprinkled	1
springy	1
spotless	1
spontaneous	1
spoken	1
split	1
spit	1
spiral	1
spindled	1
spicy	1
spiced	1
spherical	1
spermy	1
speediest	1
speculative	1
spectral	1
speckled	1
speakest	1
spangled	1
sovereignest	1
sovereign	1
sourceless	1
soulless	1
sorrowful	1
sordidness	1
sordid	1
sonorous	1
somnambulistic	1
solemnly	1
sogger	1
softest	1
socratic	1
snatched	1
slippered	1
slim	1
slid	1
slender	1
sleek	1
slappin	1
slanderous	1
skysail	1
skelter	1
sixth	1
sixteenth	1
singed	1
sinew	1
simultaneous	1
simplest	1
sighted	1
sideway	1
sided	1
sich	1
siberian	1
shy	1
shrouded	1
shrill	1
showest	1
shouldered	1
shoulder	1
shortest	1
shoeless	1
shivered	1
sheeted	1
sheathed	1
sharpest	1
shaped	1
shank	1
shamble	1
shallowest	1
shady	1
shadowy	1
shadiest	1
shabbily	1
shabbiest	1
seventeenth	1
settled	1
serried	1
sermon	1
serenest	1
sequential	1
separated	1
separable	1
sensitive	1
senseless	1
senior	1
seminal	1
selectest	1
seething	1
seemly	1
sedentary	1
secluded	1
seaside	1
seamen	1
scuttle	1
scrupulous	1
scrolled	1
scroll	1
scriptural	1
scraping	1
scrabble	1
scorbutic	1
scoot	1
scentless	1
scented	1
scattered	1
scarry	1
scared	1
scant	1
sayest	1
satisfied	1
satirical	1
satin	1
sashless	1
sanguinary	1
saline	1
salamander	1
sadder	1
sacrilegious	1
sacramental	1
rural	1
ruptured	1
rumpled	1
ruggedest	1
rugged	1
rueful	1
rotund	1
rotten	1
rostrated	1
rooted	1
roomy	1
roly	1
rocking	1
roasted	1
riveted	1
rimmed	1
rigorous	1
rifled	1
rickety	1
rhenish	1
revivified	1
reverse	1
reverential	1
revengeful	1
revealing	1
retreated	1
retired	1
retentive	1
responsible	1
residuary	1
resemble	1
republican	1
repressed	1
reprehensible	1
replenished	1
repentant	1
repelling	1
renowned	1
remunerative	1
remoter	1
relieved	1
relied	1
relaxed	1
related	1
regardful	1
refreshing	1
reddish	1
redder	1
recondite	1
reciprocal	1
receptive	1
recentest	1
receding	1
re	1
raw	1
ravenous	1
rapt	1
ranged	1
ramadan;--but	1
ram	1
rainy	1
rainbowed	1
radical	1
radiant	1
rabid	1
quietest	1
questionable	1
quenchless	1
queenly	1
quakerish	1
pythagorean	1
purposeless	1
punctual	1
pulpy	1
puissant	1
provincial	1
providential	1
provident	1
proverbial	1
prouder	1
prosperous	1
prophetic	1
prone	1
promontory	1
promissory	1
prominent	1
progressive	1
profoundest	1
profitable	1
professed	1
productive	1
problematical	1
probationary	1
prior	1
princely	1
prevalent	1
presumable	1
pressed	1
prescriptive	1
preparative	1
premonitory	1
premeditated	1
prehensile	1
precautionary	1
pouch	1
post	1
porpoise).--this	1
poorest	1
poly	1
poled	1
poised	1
pointless	1
pliable	1
plenty	1
plentiful	1
plebeian	1
pleasing	1
plausible	1
platonic	1
platformed	1
planed	1
plaintive	1
placid	1
pitchiest	1
pinioned	1
pictorial	1
philosophical	1
phantom	1
petrified	1
pestilent	1
perverse	1
pertinacious	1
pert	1
perspective	1
perishable	1
perceptible	1
pequod,--this	1
peppered	1
peopled	1
pent	1
pensive	1
penal	1
pedlar	1
peddlin	1
peculiarly	1
pea	1
paved	1
paupered	1
patrician	1
patched	1
pat	1
pasteboard	1
passive	1
partitioned	1
partial	1
part	1
pardon	1
parched	1
panelled	1
painstaking	1
pageant	1
padded	1
oxygenated	1
ox	1
owned	1
overwhelming	1
overwhelmed	1
overstrained	1
overmanned	1
overhanging	1
overclouded	1
over	1
oval	1
outside	1
outran	1
outline	1
oust	1
ostensible	1
osseous	1
orthodox	1
ornamental	1
organized	1
ordaining	1
oozy	1
onward	1
omnivorous	1
omnipotent	1
oly	1
olive	1
olden	1
officered	1
offensive	1
off	1
odorless	1
odoriferous	1
odious	1
oddish	1
obstinate	1
observed	1
observant	1
obsequious	1
obscure	1
obliterated	1
objectionable	1
obedient	1
nuptial	1
noted	1
notched	1
nosy	1
nosed	1
norwegian	1
normal	1
nonvalvular	1
nondescript	1
non	1
noisy	1
no;--a	1
nineteenth	1
nightly	1
nibbling	1
needful	1
nearer	1
nautilus	1
nasty	1
narwhale	1
narrower	1
nantucket	1
mystifying	1
mute	1
musty	1
musky	1
musk	1
muscular	1
murdered	1
multiplied	1
mule	1
muffled	1
mournful	1
mottled	1
moth--	1
moored	1
moonlit	1
moonlight	1
monumental	1
monstrousest	1
monotonous	1
monied	1
mong	1
molten	1
moccasined	1
mittened	1
mistaken.--aye	1
missionary	1
missing	1
miserly	1
mischievous	1
minor	1
mingling	1
mingled	1
mine	1
millionth	1
militant	1
migratory	1
mightier	1
midmost	1
methodical	1
metallic	1
mesopotamian	1
merest	1
merciless	1
merciful	1
mephistophelean	1
menacing	1
melodious	1
meddling	1
meaning	1
me;--any	1
me!--the	1
mazy	1
matured	1
mature	1
matted	1
matrimonial	1
masterly	1
masterless	1
masoned	1
married	1
markest	1
marbleized	1
manufactured	1
mannerly	1
manly	1
manliest	1
manifest	1
maned	1
mammiferous	1
majestical	1
maimed	1
magniloquent	1
magian	1
maddening	1
luxuriant	1
lusty	1
lustrous	1
lungless	1
lunatic	1
lunar	1
lucian	1
loyal	1
loving	1
loveliest	1
lordly	1
lookest	1
longer	1
loathsome	1
livid	1
litter	1
literal	1
liquid	1
limpid	1
lightest	1
lighted	1
liest	1
level	1
lesser	1
leisurely	1
legislative	1
lee	1
lecherous	1
leaning	1
leaner	1
leaded	1
lead	1
lawful	1
lavish	1
launchest	1
launched	1
laughable	1
latin	1
latent	1
lasting	1
lashed	1
laplandish	1
languid	1
lamentable	1
laid	1
lad,--the	1
labelled	1
knotty	1
knobbed	1
keener	1
keeled	1
juvenile	1
jumbled	1
judicious	1
jovial	1
jolly	1
jointed	1
joined	1
jeopardized	1
jellied	1
jawed	1
jammed	1
jack	1
it.--by	1
isle	1
irresponsible	1
irresolute	1
irrational	1
ironical	1
irksome	1
irish	1
ireful	1
irascible	1
invulnerable	1
invincible	1
inveterate	1
inventive	1
interminable	1
interlinked	1
interflowing	1
interested	1
interdicted	1
intercepted	1
inter	1
intensest	1
intended	1
intangible	1
insupportable	1
insulting	1
insufficient	1
instinctive	1
insolent	1
insensible	1
innumerable	1
innate	1
inhuman	1
inhospitable	1
inhabitable	1
informed	1
influential	1
inflated	1
infixed	1
infidel	1
inferable	1
inextricable	1
inexpressive	1
inexperienced	1
inexhaustible	1
ineffectual	1
ineffaceable	1
industrious	1
indomitable	1
indissoluble	1
indisputable	1
indiscreet	1
indigenous	1
indecorous	1
indebtedness	1
indebted	1
incurable	1
increased	1
incorruptible	1
incorrigible	1
incorrect	1
incontestable	1
inconclusive	1
incomputable	1
incomplete	1
inclement	1
incidental	1
incarcerated	1
inarticulate	1
inactive	1
improbable	1
impressed	1
impotent	1
imposed	1
imponderable	1
implicit	1
imperceptible	1
imperative	1
impenitent	1
impalpable	1
immutable	1
immitigable	1
immaterial	1
imbecile	1
illumined	1
illimitable	1
ignominious	1
idolatrous	1
idleness	1
idiotic	1
idealized	1
ideal	1
hush	1
hump	1
humored	1
hourly	1
hopefulness	1
hooroosh	1
homeless	1
holier	1
hogarthian	1
hoary	1
historic	1
hissed	1
hiss	1
hinted	1
him,--poor	1
hill?--crazed;--aloft	1
higgledy	1
hieroglyphical	1
hideousness	1
hid	1
heterogeneous	1
hermaphroditical	1
here,--three	1
heraldic	1
helter	1
hearth	1
healthful	1
headmost	1
hauled	1
hated	1
hastier	1
hast	1
harsh	1
harpooning	1
hardest	1
harder	1
harborless	1
happenest	1
hap	1
hanoverian	1
hallowed	1
habitual	1
habitatory	1
gush	1
gruff	1
gross	1
grievous	1
greyheaded	1
greenish	1
greedy	1
grandest	1
grained	1
gouty	1
glutinous	1
glorying	1
glazed	1
glaring	1
girlish	1
giddy	1
giant	1
geometrical	1
geographical	1
gentlemanly	1
gentleman	1
genteel	1
geese	1
gaunt	1
gaudiest	1
gastric	1
gaseous	1
gardenny	1
gamboge	1
gallied	1
gainsaid	1
furnish	1
fundamental	1
fuller	1
ftal	1
frugal	1
frothed	1
frisky	1
frighted	1
fright	1
frigate	1
friar	1
frank	1
foundered	1
forgetful	1
forethrown	1
foregone	1
forbidding	1
forbear	1
foiled	1
foible	1
foggy	1
foamy	1
flying	1
fluttering	1
fluke	1
flourish	1
flip,--	1
flinty	1
fleshly	1
flee	1
flavorish	1
flattering	1
flaky	1
fishiest	1
firmer	1
finite	1
finical	1
finer	1
filial	1
fifteen	1
fiendish	1
fictitious	1
fibrous	1
fewer	1
feverish	1
fervent	1
feminine	1
felonious	1
feline	1
feathery	1
feastest	1
favorable	1
faulty	1
fattest	1
fatter	1
fathomless	1
fatalistic	1
fastened	1
fascinated	1
farewell	1
fanged	1
fanciful	1
fanatic	1
familyless	1
fallacious	1
fairest	1
fairer	1
fainting	1
faded	1
fabled	1
eyeless	1
exulting	1
explanatory	1
expert	1
experimental	1
expectant	1
expatiate	1
expanded	1
existing	1
exhumed	1
exhaustive	1
exemplary	1
exclusive	1
exceptionable	1
exceedingly	1
ewer	1
evinced	1
eventual	1
evanescent	1
euclidean	1
etherial	1
ethereal	1
established	1
equivalent	1
equinoctial	1
epicurean	1
ephesian	1
envious	1
enviable	1
enveloping	1
entertaining	1
enraged	1
enormousness	1
enlarged	1
enduring	1
ended	1
enchanting	1
eminent	1
emetic	1
embayed	1
embarrassed	1
embalmed	1
eloquent	1
elongated	1
eleventh	1
elemental	1
electric	1
elderly	1
elder	1
efficient	1
effectual	1
eely	1
edged	1
economic	1
eccentric	1
eatable	1
easygoing	1
easterly	1
eagerness	1
duskier	1
durable	1
duplicate	1
dungeoned	1
drunken	1
drowsy	1
drowned	1
drizzly	1
drifting	1
drenched	1
dreamiest	1
drawled	1
drained	1
drabbest	1
down	1
dotted	1
dogged	1
dodging	1
diving	1
divinest	1
diver	1
distrusted	1
dissemble	1
disreputable	1
disparagement	1
disorderly	1
dismasted	1
dismantled	1
dislodged	1
discreet	1
disconnected	1
disciple	1
dimmed	1
diluvian	1
dilapidated	1
dignified	1
digestive	1
diagonal	1
dewy	1
destructive	1
desperado	1
despairing	1
desisted	1
desirous	1
deserted	1
derisive	1
depressed	1
dentistical	1
dented	1
demonstrable	1
delight,--top	1
delectable	1
defunct	1
deferential	1
decided	1
deceased	1
decapitated	1
deathful	1
dearest	1
dazzling	1
dazed	1
day?--for	1
dauntless	1
dangling	1
damning	1
damned	1
damn	1
cynical	1
cursed	1
current	1
cumbrous	1
cultured	1
cullest	1
crystal	1
crushing	1
crucible	1
crowded	1
crossed	1
cross	1
crookedness	1
crockery	1
crish	1
crimson	1
criminal	1
crested	1
credible	1
creative	1
crafty	1
cracked	1
cowhide	1
coward	1
courteous	1
countersunk	1
cosmopolite	1
corrupted	1
corroborative	1
corporal	1
corky	1
convulsive	1
convinced	1
conveyed	1
convertible	1
conversant	1
conventional	1
controllable	1
contributory	1
contingent	1
consumptive	1
consort	1
consolatory	1
considerating	1
consecrated	1
conical	1
congealed	1
confounded	1
conflicting	1
condemned	1
concrete	1
conceited	1
composing	1
composed	1
complimented	1
complaints--	1
complacent	1
compendious	1
comparable	1
companionable	1
compactness	1
compacted	1
commonest	1
cometh	1
colder	1
cognisable	1
coerced	1
codfish	1
cocked	1
cobble	1
coarse	1
clung	1
clumsiest	1
cloudy	1
cloudless	1
clouded	1
clogged	1
clipped	1
clever	1
clerical	1
clearer	1
cleansing	1
cleanliest	1
clayey	1
classical	1
classic	1
clamorous	1
clammy	1
circumpolar	1
circumambient	1
choking	1
chock	1
chivalrous	1
chivalric	1
chilly	1
chilian	1
childish	1
chewed	1
cheeriest	1
cheapest	1
chaste	1
chaotic	1
changeful	1
cetological	1
celebrated	1
ceaseless	1
cavalier	1
catholic	1
cathedral	1
carnivorous	1
carking	1
captain!--noble	1
capsized	1
canonized	1
canonic	1
cankerous	1
candid	1
canadian	1
camphorated	1
californian	1
caged	1
cabalistical	1
butchering	1
bushy	1
bursting	1
burglar	1
bung	1
bulbous	1
brutal	1
bruited	1
broidered	1
brimful	1
brim	1
brightest	1
brewery	1
breezy	1
breathless	1
brawniness	1
braided	1
brackish	1
braced	1
bountiful	1
bounteous	1
boundary	1
bottom	1
bottled	1
bosky	1
bored	1
bony	1
boldest	1
bodied	1
boastful	1
boasted	1
blurred	1
blunted	1
bluer	1
bloodshot	1
bloodiest	1
blooded	1
bloated	1
blinding	1
blinded	1
blessed	1
bless	1
blent	1
blended	1
blazing	1
blasphemous	1
blameworthy	1
blackest	1
biting	1
birch	1
binding	1
bilocular	1
billow	1
bilious	1
bier	1
bidden	1
bibliographical	1
biased	1
bewildered	1
bestreaked	1
beneath	1
belial	1
befogged	1
becharmed	1
bearskin	1
beam	1
basketed	1
bashful	1
barest	1
barbarian	1
bannered	1
banked	1
banished	1
bandaged	1
balmy	1
balmed	1
baleful	1
babylonian	1
azure	1
awry	1
awhile	1
awe	1
awakened	1
averted	1
averse	1
auxiliary	1
autumnal	1
authoritative	1
australian	1
austere	1
audible	1
attainable	1
atrocious	1
atlantic	1
athletic	1
atheistical	1
astronomical	1
astrological	1
astral	1
astern	1
assyrian	1
assailable	1
asphaltic	1
aslope	1
ascribable	1
artful	1
arterial	1
arrowy	1
arrived	1
arrantest	1
arid	1
argosy	1
arctic	1
archological	1
archangelical	1
arbitrary	1
approximate	1
approving	1
appropriate	1
apprised	1
apprehensiveness	1
appreciative	1
appearing	1
appalled	1
apostolic	1
apoplectic	1
apart	1
antique	1
anticipative	1
anticipated	1
anti	1
antagonistic	1
angry	1
ancientest	1
anchored	1
analytic	1
analogical	1
amplified	1
amphitheatrical	1
amphibious	1
amorous	1
alternate	1
aloof	1
alluring	1
allotted	1
allegorical	1
alleged	1
agreeable	1
agrarian	1
agonized	1
agile	1
aghast	1
aggregated	1
aforesaid	1
affluent	1
affirmative	1
affected	1
adverse	1
acute	1
accursed	1
accurate	1
accountable	1
accidental	1
accessory	1
accessible	1
abstemious	1
abreast	1
abounding	1
aboard	1
abhorrent	1
abated	1
abashed	1
a''low	1
21st	1
--said	1
