bigram	frequency
sperm whale	148
white whale	94
moby dick	80
old man	62
captain ahab	61
right whale	42
cried ahab	32
captain peleg	29
let us	27
one hand	27
one side	23
never mind	22
every one	22
cried stubb	22
look ye	22
years ago	18
new bedford	18
sperm whales	17
whale fishery	17
will ye	17
cried starbuck	17
young man	16
something like	16
cape horn	16
lower jaw	16
greenland whale	15
whaling voyage	15
ivory leg	15
well known	15
ere long	14
old ahab	14
ye see	14
captain bildad	14
ever since	13
one hundred	12
three boats	12
much like	12
every way	11
poor queequeg	11
one knows	11
feet long	11
present day	11
forty years	11
chief mate	11
almost every	11
give way	11
must needs	11
great sperm	11
ahab stood	11
first time	11
one single	10
three years	10
half way	9
upper part	9
every day	9
mortal man	9
seven hundred	9
still another	9
old times	9
father mapple	9
first place	9
good time	9
will sometimes	9
four boats	9
one man	9
even now	8
good deal	8
next morning	8
may possibly	8
may seem	8
never heard	8
great leviathan	8
must go	8
open air	8
great whale	8
may say	8
general thing	8
one way	8
three mast	8
poor fellow	8
will tell	8
five feet	8
almost thought	8
south sea	8
come along	8
almost seemed	8
whale must	8
white water	8
old age	8
three days	8
good luck	7
new zealand	7
long time	7
three hundred	7
thousand miles	7
little negro	7
every time	7
one arm	7
one end	7
looks like	7
little flask	7
never yet	7
one day	7
good bye	7
one morning	7
hark ye	7
new england	7
stricken whale	7
twenty feet	7
three feet	7
book ii	7
come aboard	7
open sea	7
good hope	7
don sebastian	7
far away	7
come back	7
another thing	7
dead whale	7
great whales	7
whale now	7
next day	7
looked like	6
present case	6
turned round	6
drawing nigh	6
lower part	6
whale will	6
little king	6
watery world	6
run away	6
old dutch	6
every man	6
one else	6
well nigh	6
full grown	6
long ago	6
rolled away	6
closed eyes	6
poor pip	6
spare boats	6
stranger captain	6
whaling vessels	6
old manxman	6
american whale	6
see whether	6
great part	6
will yield	6
true enough	6
drew nigh	6
may well	6
indian ocean	6
centuries ago	6
two feet	6
white man	6
first man	6
ahab must	6
one leg	6
ten times	6
whale ship	6
one ship	6
heidelburgh tun	6
steering oar	6
headed whale	6
new york	6
samuel enderby	6
three masts	6
like two	6
fair wind	6
several times	6
old bildad	6
tell ye	6
thirty feet	5
will now	5
bless ye	5
slouched hat	5
will still	5
say ye	5
three mates	5
ship sailed	5
great god	5
one night	5
almost entirely	5
even though	5
little man	5
pequod meets	5
two hundred	5
never saw	5
might almost	5
however much	5
high time	5
turning round	5
set forth	5
god keep	5
two boats	5
second iron	5
poor little	5
drawing near	5
thank ye	5
saturday night	5
particular whale	5
rolling sea	5
ever sailed	5
queequeg now	5
think ye	5
one thing	5
next moment	5
ahab now	5
murmured starbuck	5
free will	5
every night	5
fiery pit	5
english whalers	5
well done	5
come hither	5
many years	5
give chase	5
must know	5
four oceans	5
huzza porpoise	5
six feet	5
last long	5
one jot	5
mast head	5
though indeed	5
one third	5
went forward	5
third day	5
pagan harpooneers	5
small degree	5
ever saw	5
now comes	5
nantucket sailor	5
captain sleet	5
feet high	5
ten thousand	5
three men	5
like one	5
poor devil	5
world like	5
whale alongside	5
poor devils	5
drew near	5
brought alongside	5
lower away	5
two thirds	5
two days	5
one word	5
one whale	5
just now	5
one small	5
dare say	5
white hump	5
entire length	5
second mate	5
well knew	5
case might	5
will see	5
ye mates	4
fully invested	4
old fleece	4
look sharp	4
last night	4
yet now	4
little pip	4
ye harpooneers	4
felt like	4
utterly unknown	4
round cape	4
old shipmate	4
almost invariably	4
ahab seemed	4
last one	4
see ye	4
ivory arm	4
whaling captains	4
lower end	4
still better	4
critical instant	4
cruising ground	4
sag harbor	4
something less	4
one poor	4
whole length	4
second thoughts	4
now come	4
sail yard	4
eight feet	4
will come	4
every soul	4
good cheer	4
little craft	4
first sight	4
ye hear	4
whole world	4
now took	4
forecastle deck	4
three whales	4
though now	4
almost wholly	4
present instance	4
will show	4
stove boat	4
last man	4
rare old	4
many cases	4
either hand	4
forty feet	4
man may	4
marchant service	4
last chapter	4
profound darkness	4
black fish	4
poor lad	4
sperm oil	4
look now	4
voyage round	4
pacific ocean	4
first descried	4
upper end	4
proper place	4
sleep two	4
three lines	4
old manx	4
another ship	4
wrinkled brow	4
anybody else	4
like three	4
will find	4
two ships	4
last came	4
four years	4
don pedro	4
cried peleg	4
fifty feet	4
cried queequeg	4
dat dam	4
rare virtue	4
mind ye	4
ten feet	4
last day	4
ye seen	4
give us	4
chapter iii	4
rather hard	4
fifty years	4
might well	4
wise stubb	4
two captains	4
south seas	4
dropped astern	4
good man	4
tells us	4
left behind	4
second day	4
proper time	4
will make	4
brave man	4
well know	4
hundred feet	4
nothing like	4
muttered ahab	4
one foot	4
far beneath	4
manx sailor	4
first thing	4
till morning	4
natural history	4
thirty years	4
thought ahab	4
three points	4
dat whale	4
golden inn	4
like stubb	4
clear spirit	4
ten inches	4
book iii	4
high aloft	4
stood erect	4
regularly hunted	4
fair play	4
now almost	4
ever heard	4
well enough	4
ivory heel	4
every eye	4
turn round	4
chapter ii	4
boats now	4
drugged whales	4
will yet	4
together like	4
captain mayhew	4
still remained	4
good night	4
will often	4
whaling scenes	4
pine tree	4
old black	4
low dutch	4
next instant	4
inclined plane	4
way along	4
god bless	4
around us	4
never seen	4
every sailor	3
new guinea	3
one time	3
five hundred	3
every year	3
strange captain	3
sir clifford	3
whispered stubb	3
now become	3
poor old	3
cried daggoo	3
hosea hussey	3
often happens	3
ye look	3
stop dat	3
great fish	3
due time	3
several days	3
ye shall	3
nearly one	3
cried flask	3
old sea	3
least among	3
white mass	3
old blacksmith	3
set sail	3
first glimpse	3
old thunder	3
rolling waves	3
head like	3
grim death	3
otherwise inexplicable	3
put together	3
one might	3
now take	3
still remain	3
royal mast	3
firmly secured	3
call ye	3
every boat	3
precise instant	3
right whalemen	3
set apart	3
milky way	3
still retained	3
indian oceans	3
wondrous whale	3
right whales	3
manned mast	3
ye raises	3
go back	3
one captain	3
general shape	3
starboard bow	3
old craft	3
whale hunters	3
royal fish	3
great heidelburgh	3
still half	3
pretty nearly	3
maritime life	3
various ships	3
might prove	3
black little	3
little behind	3
certain curious	3
vast bulk	3
much nearer	3
single word	3
till nearly	3
must see	3
like many	3
waves rolled	3
good will	3
going aboard	3
captain pollard	3
train oil	3
gives us	3
many hours	3
just beneath	3
cruising grounds	3
good heavens	3
door mat	3
ob de	3
like queequeg	3
cried don	3
old house	3
true whale	3
french sailor	3
now hard	3
go round	3
sea like	3
floating body	3
new hampshire	3
seemed quite	3
thick blood	3
one whit	3
boat seemed	3
black hull	3
us now	3
large ship	3
old gay	3
shall hereafter	3
ivory pequod	3
bone whales	3
plainly saw	3
fifty yards	3
water like	3
go mad	3
old fellow	3
long rows	3
now called	3
still stranger	3
still higher	3
lower lip	3
cutting tackles	3
seventy breaths	3
tomahawk pipe	3
great south	3
old sag	3
two miles	3
brain seems	3
whale may	3
fresh water	3
ye pull	3
still greater	3
aunt charity	3
chapter iv	3
now came	3
keep cool	3
callest thyself	3
two distinct	3
thousand fathoms	3
precise bearing	3
red men	3
us like	3
whaling ships	3
gave chase	3
give ye	3
almost simultaneously	3
two parts	3
keen steel	3
straight wake	3
spouting fish	3
grey hairs	3
old mast	3
feeling towards	3
moody ahab	3
time past	3
say dat	3
one drop	3
white steed	3
within three	3
iron hoops	3
whole life	3
eyes aloft	3
northern lights	3
historical story	3
chief among	3
thousand years	3
every hour	3
plainly revealed	3
large number	3
ye now	3
right ahead	3
make one	3
great gods	3
long line	3
us fly	3
actively engaged	3
little distance	3
take away	3
second time	3
dutch whalemen	3
will never	3
bible leaves	3
loudly hailed	3
arm towards	3
seemed hardly	3
peter coffin	3
one distinct	3
young leviathan	3
three centuries	3
whale line	3
th lay	3
white bears	3
three minutes	3
spermaceti whale	3
merchant service	3
sir sailor	3
living whale	3
unusually long	3
ship will	3
lord warden	3
true form	3
two years	3
english captain	3
five men	3
old nantucket	3
american whalers	3
open ocean	3
fifteen feet	3
will turn	3
queequeg dies	3
grinning whale	3
one place	3
anything else	3
three hundredth	3
old gentleman	3
either side	3
monkey jacket	3
iron part	3
present voyage	3
sulphur bottom	3
come nearer	3
many things	3
two great	3
towards us	3
white head	3
came forth	3
first night	3
try pots	3
must take	3
spinal cord	3
largest sized	3
fellow man	3
jonah teaches	3
passed round	3
wide awake	3
times like	3
nearly six	3
present time	3
thank god	3
ere going	3
seen many	3
hints touching	3
long sharp	3
often happen	3
round us	3
poky lad	3
still continued	3
every side	3
make good	3
never hear	3
side ladder	3
large sperm	3
thine eye	3
far distant	3
shall now	3
two thousand	3
shoe sign	3
heard without	3
first day	3
strange things	3
last voyage	3
sperm whaler	3
go aft	3
left hand	3
jump overboard	3
now found	3
old mogul	3
towing whale	3
old fashioned	3
shall soon	3
three cheers	3
whale fleet	3
let alone	3
great monster	3
dark ahab	3
one half	3
fair chance	3
old women	3
deacon deuteronomy	3
whale might	3
solitary jet	3
among whalemen	3
devil fetch	3
pretty sure	3
hundred years	3
years past	3
living god	3
two centuries	3
sharp lance	3
whole story	3
old woman	3
spanish sailor	3
last come	3
still closer	3
beaver hat	3
far beyond	3
live leg	3
southern seas	3
crooked jaw	3
dies game	3
just like	3
first congregational	3
like another	3
great sun	3
eight bells	3
visible world	3
hard work	3
coiled away	3
howling gale	3
something must	3
long lance	3
wide intervals	3
man must	3
ten minutes	3
great pilot	3
one little	3
like great	3
dumb brute	3
animated nature	3
dark side	3
four hours	3
blasted whale	3
ye three	3
gently rolling	3
little plan	3
one must	3
dropping astern	3
will ever	3
third time	3
last succeeded	3
now ye	3
like lightning	3
better man	3
like grim	3
ship must	3
many others	3
two large	3
going forward	3
three instances	3
embalmed head	3
somehow seemed	3
another vessel	3
ivory teeth	3
darkness came	3
ever go	3
united states	3
long absent	3
three tall	3
hoisted boat	3
technically called	3
considerable length	3
still less	3
old governor	3
great white	3
every moment	3
screwed chair	3
go flukes	3
suppose now	3
one grand	3
whalebone whales	3
two harpoons	3
old hunks	3
congregational church	3
grand old	3
every plank	3
caught sight	3
anything like	3
clear air	3
old whale	3
strange sight	3
high priest	3
glistening white	3
now cried	3
spouting canal	3
every instant	3
ye go	3
bashee isles	3
shall ere	3
went ashore	3
full ship	3
trade winds	3
cast loose	3
weather bow	3
minded young	2
moored alongside	2
sperm whalemen	2
everybody aft	2
old rad	2
white bull	2
whale bone	2
whole head	2
ocean rolled	2
speak outright	2
twelve feet	2
silent spout	2
one step	2
hundredth lay	2
tell us	2
entire ship	2
ever find	2
long see	2
smells like	2
blue morning	2
seas far	2
soon found	2
cried steelkilt	2
nantucket ship	2
take care	2
enter ahab	2
de blubber	2
five miles	2
captain boomer	2
glided away	2
great pity	2
broke water	2
floor back	2
instant destruction	2
many barrels	2
man standing	2
eyeing us	2
head embraces	2
sounded like	2
cretan labyrinth	2
now made	2
always kept	2
vast black	2
seem strange	2
will soon	2
day previous	2
best let	2
grey manxman	2
now saw	2
never look	2
still gazing	2
buffalo robe	2
leaky casks	2
sea dashed	2
name indeed	2
great head	2
ye yet	2
whale goes	2
glancing upwards	2
tallow candles	2
tailed coat	2
sixty years	2
several consecutive	2
say much	2
china seas	2
may perhaps	2
many whalemen	2
wholly free	2
cape cod	2
bright coin	2
one watch	2
deadly harm	2
enveloping layer	2
old captain	2
torn body	2
begins book	2
thirty men	2
first strip	2
several hours	2
much distrusted	2
passing glance	2
lost overboard	2
spermacetti whale	2
whaling scene	2
prodigious long	2
supernatural hand	2
foreign parts	2
various species	2
steadfastly eyeing	2
broad palms	2
merchant ship	2
one continuous	2
coming back	2
erie canal	2
pleasant weather	2
man cut	2
yet even	2
gone far	2
steer clear	2
nothing better	2
last seen	2
whaling ground	2
unfathomable waters	2
fully ripe	2
bad news	2
swim away	2
tenth branch	2
squaw tistig	2
nothing particular	2
native island	2
full complement	2
great man	2
mighty bulk	2
little resembled	2
junior mates	2
fish yet	2
god pity	2
west passage	2
don miguel	2
heard nothing	2
shot lengthwise	2
java head	2
iron rod	2
see anything	2
largely used	2
chief harpooneer	2
two passed	2
rounded cape	2
hundred pounds	2
see now	2
half humorous	2
whiteness makes	2
advancing towards	2
thick mists	2
belted round	2
became incarnate	2
spanish land	2
see nothing	2
one often	2
right good	2
measured eight	2
boat will	2
thrust upright	2
perilous passage	2
soft enough	2
miserable plight	2
grey dawn	2
walked away	2
serious things	2
forty hours	2
velvet vest	2
drugged whale	2
single inch	2
either standing	2
sweeping round	2
something now	2
ahab may	2
looking round	2
high noon	2
suppose fedallah	2
now rising	2
strange town	2
many old	2
twenty thousand	2
vast skeleton	2
completely filling	2
high elevated	2
still afloat	2
friend tranquo	2
fossil whales	2
ye say	2
though among	2
grand turks	2
afterwards learned	2
preternatural terrors	2
archangel gabriel	2
three places	2
de la	2
many marvels	2
one continual	2
mild wind	2
now know	2
locked within	2
island sailor	2
american fishermen	2
whaling life	2
getting one	2
final rest	2
captain coffin	2
became almost	2
hardly keep	2
small surprise	2
free end	2
sharks now	2
whatever small	2
little black	2
bended knees	2
quickly brought	2
voice like	2
ivory stool	2
dark complexioned	2
mighty difference	2
cutting two	2
tail will	2
valuable sperm	2
like cry	2
never fail	2
like old	2
sea will	2
strong desire	2
distinct picture	2
whale lies	2
old english	2
tall masts	2
people laugh	2
ahab never	2
way heading	2
second whale	2
young men	2
wondrous sight	2
right hand	2
sixty feet	2
bound bucket	2
harem schools	2
heading east	2
barbed steel	2
harpoon may	2
little lower	2
far greater	2
polar bear	2
little item	2
sixteen feet	2
went eddying	2
another leg	2
every whale	2
white bubbles	2
wrinkled forehead	2
make much	2
long narrow	2
far inland	2
high heaven	2
will answer	2
mildly eyeing	2
ye gods	2
whale sometimes	2
sun hides	2
grown whale	2
nameless terror	2
mizen shrouds	2
many whales	2
zealand head	2
coming still	2
crew must	2
part owner	2
far north	2
large whale	2
dawn came	2
savage seas	2
level log	2
pointed prow	2
one breath	2
just enough	2
rolling billows	2
six months	2
arched back	2
whole day	2
noble things	2
still maintained	2
extreme stern	2
flying boat	2
ships crossing	2
still survive	2
one instant	2
fine old	2
hopelessly lost	2
whole hour	2
nantucket ships	2
seemed meant	2
long enough	2
may hold	2
old sailors	2
none know	2
whaling captain	2
thrown aside	2
ship reached	2
middle ones	2
summer time	2
angular log	2
savory steam	2
boiling water	2
beckoning us	2
long dart	2
stricken crew	2
just landed	2
next thing	2
intently watching	2
body may	2
quick enough	2
steadily swimming	2
added power	2
shortly bound	2
cried bildad	2
monomaniac old	2
popularly supposed	2
will keep	2
poor way	2
maltese sailor	2
famous author	2
man now	2
yellow sea	2
starboard fin	2
silence reigned	2
get afire	2
one final	2
known species	2
tertiary system	2
ninety feet	2
english whale	2
whale shall	2
rushed along	2
lying along	2
sicilian sailor	2
must either	2
might seem	2
one dense	2
little old	2
hence callest	2
might remain	2
wild cries	2
will appear	2
reef topsails	2
stretched arm	2
round like	2
black letter	2
great tempest	2
rocks must	2
upper surface	2
five oars	2
eyes seemed	2
sunny deck	2
dare bellies	2
clenched hands	2
must also	2
peruvian coast	2
famous chronicler	2
jonah sees	2
flying whale	2
become entangled	2
harpooneers now	2
long intervals	2
one now	2
seemed like	2
poor fellows	2
grinning landlord	2
pretty generally	2
old spain	2
sperm till	2
every oarsman	2
land animals	2
much interest	2
living bulk	2
persian gulf	2
best way	2
found imbedded	2
fine gam	2
swung round	2
bitterest foe	2
flying fish	2
tumultuous white	2
hypothetically occurred	2
whale started	2
ay ay	2
queer fashion	2
boats gave	2
noble sperm	2
kick back	2
common sense	2
cut away	2
ruinous discount	2
looked round	2
ship shot	2
till long	2
now among	2
four feet	2
every sea	2
become quite	2
missing boat	2
keep quiet	2
middle one	2
know whether	2
oriental archipelagoes	2
ahab cried	2
profound ignorance	2
smaller whales	2
ross browne	2
wheeled round	2
midnight sea	2
spread one	2
gone round	2
reached forth	2
old sailor	2
lower layer	2
keep us	2
us whalemen	2
brazil banks	2
seemed almost	2
eyes lighted	2
malicious agencies	2
bone tiller	2
still nearer	2
pass round	2
yet undiscovered	2
years old	2
now alluded	2
however transient	2
leathern tally	2
whole bulk	2
found wanting	2
perilous seas	2
little cabin	2
night previous	2
placeless power	2
white one	2
bildad might	2
ship groaned	2
great trouble	2
men may	2
sliding along	2
much better	2
good old	2
hammer within	2
ye find	2
hidden beneath	2
mild looking	2
adamite whales	2
five degrees	2
outer end	2
ye never	2
shalt see	2
just escaped	2
great natural	2
among ice	2
poor tash	2
copper spikes	2
sharks included	2
look aloft	2
never make	2
man like	2
shall remain	2
ere stepping	2
blind wall	2
royal friend	2
ranged round	2
ye take	2
striding along	2
old roman	2
animated mass	2
th nantucket	2
whale cruising	2
good evidence	2
silvery jet	2
one direction	2
live flesh	2
high times	2
eager mariners	2
invited guests	2
ever remain	2
hands grasped	2
found one	2
rapid stream	2
first struck	2
ye come	2
sometimes sail	2
side fin	2
will compare	2
mincing knives	2
giving way	2
casting loose	2
pleasant sun	2
silently burning	2
late years	2
flesh perfectly	2
steered straight	2
sea rolled	2
watery circle	2
dark blue	2
now enable	2
vast corpse	2
one common	2
centuries past	2
old egyptians	2
davy jones	2
one case	2
drive us	2
behind us	2
northern seas	2
days went	2
moved along	2
last time	2
taken home	2
made bold	2
appalling beauty	2
meanwhile captain	2
huge pronged	2
knew nothing	2
came near	2
aged sperm	2
black bubble	2
now stood	2
one long	2
de roanoke	2
known three	2
preceding chapter	2
wind now	2
days previous	2
setting sail	2
de deer	2
gentle globules	2
good god	2
sometimes happens	2
hold full	2
poor opinion	2
four harpooneers	2
must turn	2
tantalizing vicinity	2
boat drifted	2
coming home	2
nothing seemed	2
apparent forehead	2
feet deep	2
shake hands	2
thunder turned	2
different thing	2
saw long	2
grand imposing	2
one will	2
old lady	2
cut loose	2
ranged along	2
lengthwise along	2
darted iron	2
without speaking	2
second hearse	2
now coming	2
gritted ahab	2
certain wild	2
ahab well	2
crew pull	2
attend now	2
story told	2
indifferent air	2
small detached	2
sailors called	2
also seemed	2
profoundest silence	2
tremulous motion	2
pine barrens	2
died away	2
strange thing	2
chapter vi	2
little word	2
whole universe	2
still turns	2
bed now	2
savage sea	2
cousin hosea	2
cabin table	2
antarctic seas	2
new milk	2
broad day	2
whales now	2
nearest port	2
far behind	2
line originally	2
enlightened gourmand	2
heavy tackles	2
speak one	2
harpooneer might	2
two hands	2
empty vial	2
white charger	2
murmured ahab	2
hand holding	2
furthest bounds	2
great buoyancy	2
place also	2
thousandth part	2
half like	2
every mast	2
mechanically retained	2
throwing open	2
ye shipped	2
though stubb	2
ye insult	2
battle ship	2
small drop	2
secret part	2
might yet	2
entire months	2
white curds	2
weather side	2
fell flat	2
amazing strength	2
fearless fire	2
various attitudes	2
bare mention	2
middle ribs	2
time stubb	2
sir martin	2
two irons	2
seem incredible	2
night watches	2
broad madness	2
twenty years	2
perched aloft	2
till ahab	2
will flow	2
gold watch	2
reverend clergy	2
ever found	2
whale spout	2
far gone	2
sun seemed	2
catching hold	2
seemed yoked	2
swimming round	2
learned judge	2
yoked together	2
wooden float	2
deadly encounters	2
grand features	2
may look	2
proper person	2
yet will	2
every woe	2
great new	2
leagues away	2
may prove	2
yellow hair	2
enormous mass	2
possible chance	2
now lay	2
ten years	2
one mind	2
right arm	2
name bestowed	2
almost looked	2
moment perhaps	2
mouthed porpoise	2
ship biscuit	2
passage now	2
hollow tree	2
mild white	2
may lurk	2
english sailor	2
suddenly vibrated	2
great deal	2
among people	2
bone leg	2
considerable depth	2
invested body	2
odd sort	2
partly stood	2
concentric circles	2
old sammy	2
tell whether	2
public room	2
small concern	2
soon followed	2
going head	2
hardly tell	2
domestic bliss	2
times affected	2
living sperm	2
unknown worlds	2
sharp look	2
long since	2
dry land	2
safely landed	2
alone among	2
english whalemen	2
third mate	2
seems like	2
wild cry	2
enormous cutting	2
never reached	2
looked towards	2
far remote	2
whale like	2
frequently found	2
great battle	2
dancing girls	2
massachusetts calendar	2
thrown overboard	2
broken back	2
hundred miles	2
considerable time	2
dying whale	2
world without	2
sure enough	2
contrasted view	2
black sea	2
crossed harpoons	2
ship keepers	2
sir william	2
two long	2
though none	2
within six	2
western world	2
drew back	2
ahab retired	2
ship jungfrau	2
frequently met	2
evil portents	2
leave us	2
outer circles	2
living things	2
moot point	2
like light	2
charley coffin	2
full length	2
open mouth	2
winds blow	2
will teach	2
six men	2
lucifers forward	2
dilated nostrils	2
american fishery	2
ensuing scene	2
monkey jackets	2
good look	2
says nothing	2
long heat	2
living creatures	2
must stop	2
technically fast	2
dead body	2
good long	2
fellow beings	2
first fury	2
infinitely thin	2
never figured	2
murky light	2
gallant sails	2
thought something	2
one sperm	2
wildest winds	2
little finger	2
immediate vicinity	2
hammer away	2
leg last	2
old kings	2
little moss	2
dark night	2
broken away	2
going along	2
baron cuvier	2
binnacle lamp	2
standing like	2
white cedar	2
calm weather	2
spinal canal	2
enrolled among	2
gave forth	2
wondrous phenomenon	2
cinque ports	2
fifteen thousand	2
dutch fishery	2
black cloud	2
will send	2
sailors say	2
tropical sea	2
might make	2
wounded whale	2
ever helped	2
long night	2
one instance	2
personally known	2
giving chase	2
white shark	2
venetian blinds	2
pious bildad	2
inferior article	2
southern fishery	2
armed captain	2
buried beneath	2
yet still	2
mere skeleton	2
like bits	2
first among	2
frederick cuvier	2
lost leg	2
like st	2
seemed one	2
goes round	2
long lower	2
plainly showed	2
flask mounted	2
certain queer	2
exhaled breath	2
centre table	2
like turning	2
twelve rods	2
young fellow	2
ship globe	2
sing ye	2
gave orders	2
queerest old	2
entire bulk	2
whole visible	2
like indian	2
fire worshippers	2
come close	2
full operation	2
immense caravans	2
forward part	2
whale remains	2
round globe	2
always go	2
barrels aft	2
earnestly watching	2
like lead	2
standing close	2
old top	2
wooden stock	2
one interval	2
hollow voice	2
unaccountable old	2
form one	2
stood fixed	2
bury thyself	2
little heap	2
erect posture	2
great glory	2
though many	2
things called	2
one another	2
broad flukes	2
owen chace	2
hands among	2
see one	2
running away	2
syrian coast	2
nature seemed	2
side view	2
long period	2
romantic object	2
strange sort	2
razor back	2
imminent jeopardy	2
particular instance	2
southern whale	2
imposing way	2
red flame	2
one boat	2
west coast	2
sinful men	2
glance fastened	2
get along	2
without delay	2
swinging sign	2
low rumbling	2
still remains	2
good people	2
gold coins	2
english ship	2
around suddenly	2
never say	2
leyden cheese	2
never found	2
many heads	2
unexpected question	2
german boats	2
painted green	2
time arrived	2
take heart	2
ahab stayed	2
whale ivory	2
last shot	2
hot latitudes	2
one grain	2
derick de	2
horizontal tail	2
will bear	2
small number	2
cunning spring	2
vast swiftness	2
must help	2
various times	2
called pitchpoling	2
called omens	2
spermaceti candles	2
noble animal	2
blast ye	2
another mast	2
followed captain	2
blessed light	2
considerable degree	2
cold air	2
changed places	2
got foul	2
young cub	2
noble soul	2
thought starbuck	2
bold harpooneer	2
square feet	2
peculiar way	2
splice hands	2
heavily forged	2
great live	2
particular set	2
steelkilt made	2
huge lower	2
red worsted	2
white sea	2
dark den	2
wrecked boat	2
close round	2
broad white	2
send everybody	2
elsewhere seen	2
chapter lxii	2
nantucket market	2
might easily	2
glossy back	2
man walked	2
ye two	2
back parts	2
seventh lay	2
ahab standing	2
grown sperm	2
whale little	2
de small	2
thousand men	2
certain signs	2
looking sky	2
edmund burke	2
high seas	2
final heat	2
must show	2
worse yet	2
time queequeg	2
long lay	2
sat watching	2
will go	2
admirable artistic	2
now threw	2
plain facts	2
set time	2
lone whale	2
ye will	2
somewhat resembling	2
manned almost	2
got fast	2
whispered starbuck	2
avast heaving	2
utterly lost	2
high hill	2
might justly	2
poor pagan	2
noble ship	2
without using	2
precious sperm	2
within easy	2
empty ship	2
step forward	2
uplifted arm	2
long ere	2
good rights	2
still deeper	2
now stands	2
soon made	2
somewhat similar	2
starboard side	2
powder barrels	2
one whaleman	2
one round	2
full forty	2
know exactly	2
one good	2
great numbers	2
ivory limb	2
whales might	2
full majesty	2
now mark	2
contrasting serenity	2
may soon	2
concerning ahab	2
fine eating	2
something else	2
nantucket beach	2
head indian	2
wise man	2
well knowing	2
great distance	2
lower mast	2
many feet	2
take medicine	2
transition state	2
still go	2
river will	2
ahab advanced	2
black boy	2
soon evinced	2
day sea	2
perilous vicissitudes	2
good thing	2
two whales	2
robust healthy	2
two objects	2
every reason	2
now equally	2
must get	2
ringed horizon	2
whose peculiarities	2
captain scoresby	2
way whatever	2
every word	2
set terms	2
two different	2
torn shreds	2
deeper part	2
open jaws	2
dead sperm	2
plain things	2
us squeeze	2
savage crew	2
good view	2
rising wind	2
secret confidential	2
shore ground	2
firmly lashed	2
tobacco smoke	2
woollen shirt	2
stranger stood	2
rather guess	2
treats us	2
whirling round	2
first iron	2
years previous	2
bright red	2
every turn	2
five minutes	2
hebrew story	2
quietly eyeing	2
isinglass substance	2
seemed made	2
little room	2
something better	2
along every	2
insurance companies	2
ceti whale	2
will continue	2
miriam coffin	2
southern whaling	2
among many	2
venison season	2
three harpooneers	2
though seated	2
marble tablets	2
three quarters	2
beat ye	2
easy matter	2
lies one	2
short distance	2
went round	2
three fourths	2
entirely conscious	2
bad work	2
sheaved block	2
shirt sleeves	2
towards noon	2
reverend gentleman	2
second irons	2
critical moment	2
one pip	2
numerous trades	2
given us	2
though one	2
hearts never	2
breeze blew	2
whose duty	2
afterwards took	2
starbuck saw	2
ancient tongues	2
uncertain twilight	2
now wildly	2
man alone	2
distant seas	2
john hunter	2
hearts alive	2
ahab beware	2
selecting one	2
see yonder	2
sometimes see	2
pretty much	2
somewhere within	2
japanese cruising	2
outer air	2
whale presents	2
grown magnitude	2
polar sea	2
great confidence	2
ex officio	2
quite alone	2
sea heaved	2
yellow warehouse	2
see queequeg	2
half hidden	2
whalemen call	2
drawn towards	2
think little	2
chief officer	2
close behind	2
may give	2
lay back	2
among whales	2
first voyage	2
almost indispensable	2
one moment	2
unfrequently occur	2
dropped like	2
hard chase	2
patched trowsers	2
dear fellow	2
whaling house	2
now completely	2
lord whale	2
will measure	2
assure ye	2
one sufficient	2
remotest waters	2
stand still	2
water within	2
back whale	2
peculiar motion	2
former times	2
three times	2
take good	2
two lanterns	2
ill comprehended	2
still contains	2
japanese junks	2
noble craft	2
made one	2
looks something	2
vital part	2
just take	2
last abandoned	2
standing behind	2
warm blood	2
wandering whale	2
good heed	2
six hours	2
good lord	2
old great	2
towards home	2
working away	2
two opposite	2
just previous	2
black bone	2
proved true	2
dogging us	2
flask seemed	2
good captain	2
entire whale	2
little chat	2
strike nothing	2
least twenty	2
much less	2
gentle air	2
charmed circle	2
darted away	2
like fifty	2
low cabin	2
shivered lance	2
quite another	2
long interval	2
came bearing	2
similitude ceases	2
one corner	2
every stroke	2
grego pocket	2
similar circumstances	2
famous town	2
yellow crew	2
hated whale	2
gigantic tail	2
lord ellenborough	2
every evening	2
ship drew	2
heart beat	2
change places	2
la plata	2
peculiar snow	2
contracted hole	2
enchanted air	2
must still	2
now heard	2
go still	2
may go	2
hard one	2
months afterwards	2
yet see	2
good blood	2
another whale	2
icy seas	2
alone resides	2
sleep together	2
first boat	2
saw ahab	2
abroad among	2
head standers	2
harpooneer hears	2
lofty jet	2
little god	2
common porpoise	2
though somewhat	2
hearty good	2
african elephant	2
just breaking	2
forecastle scuttle	2
french engravings	2
de shark	2
yellow boys	2
violent storms	2
young colt	2
four whales	2
deadly calm	2
whatever objects	2
still intently	2
one particular	2
soon mounted	2
like mark	2
plain sight	2
drawing nearer	2
though well	2
will seldom	2
almost everybody	2
first love	2
considerations touching	2
like man	2
earthly way	2
leaving queequeg	2
however small	2
least one	2
night watch	2
south america	2
john leo	2
now shook	2
glared like	2
conspicuous object	2
concerning moby	2
certain circumstances	2
shall still	2
never went	2
internal structure	2
tapering part	2
yet lurked	2
silver calabash	2
harpooneers remained	2
massa stubb	2
enormous head	2
explain thyself	2
round thing	2
thrust forth	2
almost equal	2
white flag	2
high end	2
deck rushed	2
sperma ceti	2
full front	2
soliloquized stubb	2
careful calculation	2
seldom seen	2
six inches	2
long tow	2
every roll	2
inferior souls	2
old ship	2
goes another	2
sadder souls	2
thing within	2
arm thrown	2
azore sailor	2
captain stood	2
name imports	2
might now	2
must now	2
know ye	2
starbuck seemed	2
just come	2
slewed round	2
white squalls	2
pale man	2
loud voice	2
two canallers	2
humpbacked whale	2
chief mates	2
fixedly gaze	2
temperance society	2
three german	2
given forth	2
harris coll	2
stood upright	2
cask near	2
green mountains	2
morning watch	2
one whole	2
yet somehow	2
high lifted	2
wild indian	2
white sailor	2
pressed hard	2
leg now	2
sort whatsoever	2
mizen rigging	2
come forward	2
slid aside	2
looking man	2
one part	2
mates stood	2
regular turns	2
former years	2
plumed head	2
every shock	2
just crossing	2
crazy ahab	2
drowned bones	2
stood gazing	2
weaving away	2
getting better	2
pip jumped	2
past night	2
lay like	2
never heeded	2
young sucking	2
now began	2
monstrous pictures	2
ancient days	2
ye love	2
ticklish business	2
looks much	2
almost seem	2
involuntarily paused	2
binnacle compasses	2
blue water	2
greek mythologies	2
white teeth	2
one glimpse	2
ye know	2
ye may	2
thrown open	2
whaling season	2
two barrels	2
one picture	2
better chance	2
somebody else	2
caught one	2
creamy pool	2
one iron	2
sunken whale	2
muttered stubb	2
now fairly	2
set like	2
tell quohog	2
indifferent sword	2
utmost velocity	2
single hail	2
without seeking	2
grand erie	2
quite impossible	2
white vapors	2
white shadow	2
come round	2
soon see	2
best man	2
forenoon watch	2
cried captain	2
say three	2
sun now	2
one matter	2
mortal miseries	2
tier butts	2
starbuck looked	2
gliding along	2
wonder now	2
downward pointed	2
squall came	2
drawing still	2
deep waters	2
sideways looking	2
get loose	2
teneriffe man	2
time previous	2
began ranging	2
monstrous size	2
yet saw	2
fool us	2
blue day	2
door flew	2
infatuated man	2
gaping wound	2
starboard hand	2
hairy fibres	2
strange spectacle	2
living thing	2
vigorous males	2
pequod thrust	2
wild rumors	2
hidden rocks	2
now proceed	2
intently eyeing	2
old soul	2
mast heads	2
seemed resolved	2
good degree	2
heard something	2
great whaling	2
full sail	2
red flag	2
grand order	2
every step	2
algerine porpoise	2
two line	2
slowly rose	2
now flying	2
strange affair	2
now passed	2
us away	2
wonderful comparative	2
whale really	2
rio de	2
ends book	2
suddenly dropped	2
wide expanded	2
deemed almost	2
gallied whales	2
kept manned	2
grotesque figures	2
look yonder	2
hundred fathoms	2
came back	2
one solitary	2
new sails	2
yawned beneath	2
inquiring whether	2
tolland county	2
true nature	2
last dying	2
will frequently	2
made known	2
larboard hand	2
left arm	2
long arms	2
opposite direction	2
subordinate phantoms	2
nothing else	2
exasperated whale	2
ordinary revenue	2
uncommonly heedful	2
easy reach	2
great washington	2
whale spouts	2
plainly see	2
glanced round	2
back country	2
clumsy cleat	2
must indeed	2
nine hundred	2
hand till	2
must certainly	2
put forth	2
found dead	2
barbed iron	2
now kept	2
blue pilot	2
outer aspect	2
long slender	2
day grew	2
like dead	2
active life	2
dragged along	2
pointed finger	2
seen pip	2
merchant ships	2
strange ship	2
stranded fish	2
brace forward	2
concluding exclamation	2
long look	2
wind rises	2
leathern bag	2
first go	2
hooped round	2
two enormous	2
lie like	2
wholly disappeared	2
even scoresby	2
large casks	2
go drown	2
readily made	2
humped herds	2
specific gravity	2
entire body	2
young girls	2
heavy beating	2
queequeg gave	2
continual sight	2
another reason	2
long pole	2
joint stock	2
everywhere else	2
towards evening	2
long island	2
hull rolled	2
tossed ship	2
great central	2
comparatively late	2
almost fatal	2
seemed well	2
mild blue	2
ship essex	2
hyena whale	2
previous chapter	2
dutch book	2
tempestuous wind	2
precious gold	2
downcast eyes	2
great mischief	2
yet ring	2
first whale	2
hurried towards	2
true method	2
little space	2
white hairs	2
never troubled	2
final end	2
arm thrust	2
ye seem	2
consideration will	2
perry easy	2
every morning	2
hooded head	2
one lost	2
face set	2
head hoisted	2
secret golden	2
good stretching	2
general bulk	2
last whale	2
properly belonging	2
eighty feet	2
dan coopman	2
showed like	2
