noun	frequency
whale	731
ship	505
man	481
sea	425
head	333
time	330
boat	330
way	267
whales	248
men	242
side	198
hand	197
deck	190
water	188
thing	187
day	174
world	172
life	165
fish	157
eyes	156
night	147
line	147
sort	146
boats	146
part	145
captain	142
air	141
crew	137
things	131
one	128
feet	127
hands	124
something	123
times	113
nothing	113
body	110
sir	109
place	107
moment	105
sight	103
voyage	99
end	99
sun	97
years	95
oil	91
face	91
heart	90
ships	88
leg	86
iron	85
heads	85
eye	85
death	85
arm	85
soul	83
cabin	83
days	81
matter	80
mast	79
seas	78
length	78
tail	77
harpooneer	77
mate	75
land	75
bed	75
fire	74
word	73
morning	73
instant	72
harpoon	69
case	69
board	69
wind	68
waters	68
whalemen	67
business	67
ocean	66
name	66
reason	64
point	63
sailor	62
sail	62
blood	62
mouth	59
light	59
order	58
rope	57
room	57
jaw	57
chapter	56
vessel	55
harpooneers	55
fishery	54
craft	54
bone	53
sailors	51
mind	51
bottom	50
back	50
monster	49
waves	48
story	48
ground	48
devil	48
bones	48
voice	47
teeth	47
spout	47
sharks	47
hold	47
bows	47
work	46
quarter	46
fact	46
watch	45
savage	45
rest	45
people	45
half	45
fellow	45
earth	45
chase	45
whaleman	44
look	44
lance	44
hole	44
door	44
chance	44
anything	43
whaling	42
view	42
surface	42
house	42
hours	42
creature	42
boy	42
seamen	41
pipe	40
parts	40
mates	40
hour	40
hat	40
book	40
purpose	39
others	39
means	39
distance	39
course	39
coffin	39
coast	39
aye	39
top	38
power	38
oars	38
nature	38
mass	38
manner	38
ivory	38
bow	38
wake	37
stern	37
skin	37
sails	37
lines	37
forecastle	37
carpenter	37
aspect	37
arms	37
wood	36
table	36
stranger	36
sky	36
object	36
legs	36
gentlemen	36
forehead	36
flukes	36
cry	36
brain	36
weather	35
bulwarks	35
brow	35
boys	35
thoughts	34
none	34
gold	34
form	34
foot	34
creatures	34
steel	33
skeleton	33
sign	33
queer	33
passage	33
idea	33
company	33
intervals	32
home	32
darkness	32
bulk	32
truth	31
substance	31
storm	31
species	31
sound	31
planks	31
nose	31
miles	31
instances	31
thought	30
snow	30
round	30
mark	30
living	30
jet	30
hull	30
harpoons	30
sperm	29
mariners	29
knife	29
jaws	29
ice	29
hammock	29
battle	29
yards	28
works	28
words	28
supper	28
sides	28
question	28
person	28
hunters	28
hearts	28
hammer	28
fishermen	28
coat	28
blubber	28
act	28
shipmates	27
scene	27
island	27
horse	27
art	27
-	27
year	26
woe	26
thunder	26
pilot	26
masts	26
lamp	26
hair	26
gods	26
glance	26
gale	26
friend	26
degree	26
circumstances	26
circumstance	26
chest	26
calm	26
wife	25
whiteness	25
war	25
vessels	25
smoke	25
skull	25
port	25
pole	25
play	25
number	25
midnight	25
lightning	25
king	25
interval	25
helm	25
ears	25
duty	25
country	25
command	25
cases	25
bit	25
self	24
circle	24
wall	23
try	23
sword	23
strength	23
state	23
spot	23
shore	23
pursuit	23
perils	23
middle	23
level	23
landlord	23
flesh	23
fin	23
wonder	22
windlass	22
tree	22
thy	22
thee	22
spring	22
souls	22
orders	22
kind	22
keel	22
jacket	22
hump	22
front	22
centre	22
account	22
will	21
whole	21
sleep	21
rigging	21
minutes	21
magnitude	21
lances	21
history	21
fear	21
decks	21
astern	21
age	21
winds	20
while	20
use	20
town	20
terrors	20
terror	20
shark	20
scuttle	20
places	20
owners	20
oar	20
mine	20
log	20
inches	20
honor	20
game	20
floor	20
everything	20
dignity	20
casks	20
captains	20
breeze	20
bag	20
yard	19
vicinity	19
stuff	19
stone	19
spade	19
sorts	19
sake	19
picture	19
ones	19
officers	19
master	19
love	19
law	19
inch	19
glass	19
foam	19
figure	19
cook	19
base	19
anchor	19
whalers	18
ways	18
turns	18
subject	18
squall	18
silence	18
rate	18
pieces	18
period	18
noon	18
merchant	18
lad	18
instance	18
horizon	18
height	18
gunwale	18
globe	18
flag	18
evening	18
doubloon	18
dart	18
children	18
child	18
chains	18
beef	18
weight	17
trunk	17
tackles	17
spite	17
spine	17
son	17
shape	17
row	17
rear	17
race	17
prow	17
oarsmen	17
neck	17
motion	17
months	17
lips	17
kings	17
interest	17
glory	17
friends	17
example	17
elephant	17
difference	17
crews	17
compass	17
cause	17
breath	17
box	17
bird	17
animal	17
aft	17
advance	17
window	16
virtue	16
tomahawk	16
thousands	16
stroke	16
rush	16
rocks	16
ribs	16
respect	16
piece	16
mother	16
madness	16
irons	16
heat	16
grave	16
gentleman	16
flames	16
flame	16
father	16
crown	16
corner	16
color	16
bread	16
books	16
billows	16
bench	16
barrels	16
wrinkles	15
wound	15
windward	15
whaler	15
vapor	15
turn	15
touch	15
steak	15
start	15
starboard	15
spray	15
space	15
shock	15
shadow	15
season	15
right	15
pumps	15
pulpit	15
prophet	15
pots	15
position	15
plank	15
palms	15
pains	15
officer	15
oarsman	15
nigh	15
marble	15
lungs	15
latitudes	15
lads	15
joy	15
hunter	15
grass	15
fins	15
feeling	15
ends	15
direction	15
dinner	15
devils	15
delight	15
commander	15
bucket	15
binnacle	15
being	15
affair	15
whence	14
voyages	14
tub	14
trees	14
summer	14
streets	14
step	14
signs	14
shadows	14
sense	14
seat	14
present	14
points	14
plenty	14
pitch	14
pictures	14
opinion	14
oceans	14
monkey	14
marks	14
luck	14
isles	14
hook	14
hint	14
food	14
foe	14
fingers	14
events	14
dog	14
cutting	14
coward	14
corpse	14
city	14
character	14
canvas	14
boots	14
blacksmith	14
ages	14
wreck	13
wonders	13
volume	13
tubs	13
tiller	13
steward	13
stars	13
seaman	13
sailing	13
ropes	13
rod	13
rib	13
reference	13
quantity	13
prey	13
phantom	13
names	13
minute	13
mariner	13
latitude	13
ladies	13
idol	13
hunt	13
hither	13
herd	13
hast	13
flood	13
field	13
faces	13
erect	13
effect	13
e	13
conceit	13
circles	13
awe	13
yonder	12
winter	12
wine	12
vengeance	12
usage	12
trowsers	12
tide	12
thine	12
terms	12
stump	12
street	12
spirit	12
speed	12
spars	12
size	12
sights	12
shoulders	12
sand	12
salt	12
rods	12
rock	12
ring	12
peril	12
pair	12
outs	12
o''clock	12
nations	12
mountain	12
motions	12
money	12
moments	12
minds	12
milk	12
meat	12
meaning	12
mankind	12
malice	12
letter	12
lesson	12
leak	12
ladder	12
horror	12
horn	12
hope	12
hill	12
grounds	12
ginger	12
ghost	12
fool	12
flank	12
finger	12
fathoms	12
family	12
faith	12
ear	12
deal	12
countenance	12
contrast	12
conscience	12
clouds	12
centuries	12
canal	12
bull	12
breakfast	12
blow	12
blanket	12
beach	12
barbs	12
ball	12
women	11
wharf	11
walls	11
waist	11
vocation	11
tongue	11
tambourine	11
tackle	11
symbol	11
straits	11
spouts	11
smoking	11
shipmate	11
service	11
school	11
scenes	11
roll	11
reasons	11
prairie	11
possession	11
poles	11
pocket	11
plan	11
peculiarities	11
path	11
opening	11
objects	11
noise	11
nights	11
news	11
nest	11
needles	11
nay	11
naturalists	11
memory	11
measure	11
matters	11
mat	11
lives	11
lay	11
lantern	11
knowledge	11
jets	11
islands	11
image	11
ignorance	11
hue	11
horses	11
hoops	11
heavens	11
gloom	11
fight	11
fate	11
fashion	11
event	11
element	11
dread	11
dam	11
cross	11
cries	11
contact	11
commotion	11
clothes	11
chap	11
cask	11
care	11
buoy	11
brother	11
bowels	11
block	11
blackness	11
birth	11
beheld	11
bar	11
backs	11
articles	11
appearance	11
answer	11
yesterday	10
well	10
watches	10
vice	10
velocity	10
tow	10
token	10
term	10
task	10
system	10
swimming	10
swells	10
sunrise	10
summit	10
stream	10
strain	10
stock	10
stairs	10
spirits	10
spell	10
spades	10
slave	10
skill	10
skies	10
shroud	10
shoulder	10
set	10
savages	10
quest	10
pot	10
perch	10
papers	10
narrative	10
mortals	10
morrow	10
mood	10
mist	10
might	10
midst	10
limbs	10
letters	10
laugh	10
impressions	10
humor	10
host	10
herds	10
hatches	10
glimpse	10
glasses	10
fowl	10
force	10
fleet	10
features	10
experience	10
elephants	10
discovery	10
depths	10
depth	10
curiosity	10
contrary	10
compasses	10
cod	10
church	10
charge	10
century	10
capstan	10
canoe	10
cannibals	10
butter	10
breadth	10
blast	10
birds	10
berth	10
beginning	10
ashes	10
anybody	10
afternoon	10
youth	9
woods	9
woman	9
wing	9
weeks	9
weapon	9
warp	9
tribe	9
traveller	9
tower	9
tempest	9
taste	9
surprise	9
strip	9
stove	9
stage	9
spear	9
sleeper	9
shirt	9
sheets	9
score	9
rumors	9
rows	9
rail	9
rage	9
rack	9
principle	9
powder	9
pity	9
pike	9
peace	9
party	9
particulars	9
occasion	9
needle	9
need	9
nantucket	9
mystery	9
movement	9
mouths	9
mountains	9
monsters	9
mercy	9
member	9
loss	9
lip	9
lid	9
leaves	9
leagues	9
lead	9
lake	9
knives	9
knee	9
key	9
judgment	9
job	9
jack	9
influence	9
homage	9
holes	9
hints	9
hills	9
heaving	9
good	9
fury	9
fowls	9
forms	9
fore	9
flight	9
extremity	9
expression	9
ease	9
dust	9
drop	9
doom	9
dish	9
directions	9
crotch	9
courage	9
cord	9
consternation	9
connexion	9
concern	9
comrades	9
coin	9
coils	9
capture	9
cannibal	9
candles	9
bodies	9
blinds	9
bits	9
biscuit	9
belly	9
beings	9
attention	9
apparition	9
angels	9
activity	9
action	9
accounts	9
ye	8
widow	8
weapons	8
wave	8
vitality	8
vial	8
vertebr	8
traditions	8
tooth	8
tongs	8
toil	8
throne	8
thither	8
telling	8
tar	8
talk	8
taffrail	8
sunset	8
sum	8
storms	8
squares	8
spread	8
spears	8
spar	8
sounds	8
soil	8
silver	8
sideways	8
shoals	8
shoal	8
seasons	8
seals	8
schools	8
rushing	8
run	8
revenge	8
respects	8
remotest	8
pride	8
post	8
porpoise	8
plane	8
plain	8
pipes	8
phantoms	8
panic	8
page	8
organ	8
operation	8
office	8
obedience	8
musket	8
moon	8
mention	8
meeting	8
masses	8
marvels	8
leviathans	8
landsmen	8
landsman	8
lady	8
knees	8
joke	8
intention	8
intensity	8
instinct	8
hurry	8
hundreds	8
hum	8
howling	8
houses	8
horns	8
helmsman	8
hell	8
heel	8
hearse	8
handle	8
hail	8
gunwales	8
grandeur	8
fountain	8
forge	8
fields	8
fellows	8
entry	8
east	8
dreams	8
doubt	8
doors	8
despair	8
cup	8
contrivances	8
consideration	8
comrade	8
cloth	8
chowder	8
cheese	8
chair	8
canoes	8
bubbles	8
brit	8
brains	8
bowsprit	8
bowsman	8
boom	8
blades	8
blade	8
bill	8
bellies	8
beer	8
beauty	8
band	8
balls	8
baleen	8
authority	8
author	8
archangel	8
anguish	8
agent	8
worlds	7
wings	7
whip	7
whalebone	7
voices	7
vicissitudes	7
verdure	7
veil	7
trumpet	7
trouble	7
trades	7
tons	7
title	7
timber	7
threads	7
thou	7
thickness	7
thence	7
tablets	7
swell	7
sweep	7
structure	7
strangers	7
stories	7
steersman	7
steering	7
steelkilt	7
spoutings	7
spermaceti	7
spectacle	7
socket	7
smell	7
slide	7
sleet	7
sin	7
signal	7
shuttle	7
shrouds	7
shot	7
shores	7
shoe	7
sheet	7
shavings	7
shame	7
seams	7
screw	7
safety	7
running	7
religion	7
reel	7
reality	7
questions	7
quality	7
purse	7
property	7
problem	7
privilege	7
ports	7
porpoises	7
pockets	7
plates	7
plate	7
pivot	7
pit	7
pirates	7
pillow	7
peep	7
peculiarity	7
paper	7
oath	7
nostrils	7
north	7
necessity	7
nails	7
murderer	7
moonlight	7
mizen	7
millions	7
maul	7
match	7
loom	7
lock	7
lion	7
lights	7
lbs	7
layer	7
keels	7
intelligence	7
insult	7
indifference	7
i.	7
hist	7
harm	7
harbor	7
gun	7
grief	7
glances	7
girls	7
ghosts	7
future	7
frost	7
flash	7
flanks	7
fiend	7
feeding	7
feeder	7
fatality	7
fare	7
fancy	7
facts	7
existence	7
everybody	7
equator	7
energy	7
elements	7
edge	7
eagerness	7
dream	7
drawers	7
doubloons	7
dollars	7
desire	7
description	7
den	7
delicacy	7
daylight	7
danger	7
custom	7
currents	7
creation	7
cords	7
copper	7
contents	7
congregation	7
colt	7
coasts	7
chimney	7
cheeks	7
cheek	7
charts	7
chapters	7
chances	7
carpet	7
cap	7
candle	7
cable	7
bye	7
burden	7
bunch	7
brute	7
breaths	7
breast	7
breakers	7
bowl	7
bosom	7
blue	7
blocks	7
black	7
bearing	7
baby	7
attitude	7
attack	7
argument	7
angle	7
anchors	7
allusions	7
alarm	7
yourselves	6
yarn	6
wrists	6
wrist	6
wrath	6
worship	6
whiskers	6
wherefore	6
wheel	6
wedding	6
wakes	6
waif	6
violence	6
village	6
veins	6
usages	6
universe	6
tube	6
truck	6
tone	6
toes	6
tobacco	6
tiger	6
tides	6
third	6
thinking	6
thigh	6
tails	6
symptoms	6
swiftness	6
surgeon	6
superiority	6
sunlight	6
suit	6
subjects	6
string	6
stretch	6
steam	6
stand	6
staff	6
spires	6
spiracle	6
soundings	6
song	6
sleepers	6
skulls	6
sister	6
sinking	6
significance	6
shrieks	6
shreds	6
shoes	6
shades	6
shade	6
serenity	6
secrets	6
secret	6
search	6
scud	6
science	6
schoolmaster	6
rowing	6
rolls	6
river	6
reveries	6
resurrection	6
resemblance	6
reply	6
relief	6
reflection	6
record	6
rays	6
quadrant	6
pyramid	6
pump	6
puff	6
probability	6
priest	6
presence	6
prayers	6
powers	6
plaintiffs	6
pistol	6
pin	6
pig	6
persons	6
pen	6
passion	6
passenger	6
pans	6
pallor	6
owner	6
out	6
onset	6
numbers	6
nail	6
mothers	6
month	6
mistake	6
mile	6
mid	6
meadow	6
material	6
masonry	6
market	6
margin	6
management	6
mainmast	6
magic	6
lowering	6
longitude	6
locks	6
links	6
limb	6
likeness	6
laws	6
language	6
lands	6
landlady	6
jeopardy	6
intent	6
insanity	6
inn	6
influences	6
infidel	6
importance	6
ideas	6
hemp	6
help	6
heave	6
hearing	6
health	6
headsman	6
hate	6
harem	6
harbors	6
handspikes	6
handful	6
hammers	6
girl	6
generations	6
garden	6
gangway	6
fun	6
fright	6
foes	6
fluke	6
fluid	6
fit	6
fisherman	6
firm	6
figures	6
fibres	6
feelings	6
feat	6
fears	6
fain	6
excitement	6
eternity	6
entrance	6
engravings	6
emotions	6
dumplings	6
doubts	6
dogs	6
destruction	6
desert	6
deed	6
dead	6
dawn	6
dark	6
cruising	6
crow''s	6
crow	6
courses	6
counterpane	6
corpusants	6
considerations	6
consequence	6
consciousness	6
confidence	6
conduct	6
condition	6
conclusion	6
complexion	6
comparison	6
commerce	6
comfort	6
coffee	6
coal	6
clam	6
circumference	6
churches	6
chocks	6
chief	6
chat	6
chart	6
ceiling	6
caw	6
cattle	6
cash	6
carcase	6
canallers	6
bubble	6
braces	6
bolts	6
bidding	6
bell	6
bears	6
astonishment	6
ash	6
application	6
apartment	6
anvil	6
angel	6
amazement	6
ahoy	6
agony	6
affairs	6
advice	6
adventures	6
accidents	6
accident	6
zone	5
yea	5
yarns	5
wives	5
windows	5
wharves	5
week	5
want	5
walk	5
volition	5
visit	5
vision	5
vigilance	5
vibration	5
varieties	5
value	5
valleys	5
uttermost	5
twine	5
twilight	5
twain	5
trick	5
transom	5
transition	5
trance	5
train	5
towns	5
tones	5
tomb	5
tokens	5
timbers	5
tierce	5
thrice	5
thirds	5
theory	5
tent	5
tears	5
tea	5
tattooing	5
tap	5
tables	5
suspicions	5
surf	5
superstitions	5
success	5
style	5
stomach	5
standers	5
squalls	5
splinters	5
spaces	5
source	5
sorrow	5
sons	5
somebody	5
society	5
sneezes	5
slender	5
slabs	5
skeletons	5
situation	5
shuddering	5
shudder	5
shower	5
shipping	5
shelf	5
sheep	5
seal	5
schooner	5
scales	5
salvation	5
rule	5
ruin	5
robes	5
road	5
rings	5
rights	5
revelry	5
region	5
refuge	5
readiness	5
reader	5
queens	5
quarters	5
qualities	5
pursuers	5
punch	5
puffs	5
prospect	5
projecting	5
profile	5
profession	5
process	5
proceedings	5
procedure	5
prints	5
priests	5
potency	5
posture	5
portents	5
pool	5
policy	5
plight	5
plague	5
pitchpoling	5
pickle	5
philosophers	5
phenomenon	5
pewter	5
pencil	5
passengers	5
parties	5
parlor	5
palm	5
pagans	5
paddles	5
orphans	5
opportunity	5
odor	5
odds	5
occasions	5
oakum	5
oak	5
note	5
nearer	5
navies	5
naught	5
native	5
nation	5
mysteries	5
murderers	5
moods	5
miracle	5
mincer	5
mildness	5
meals	5
majesty	5
lot	5
loggerhead	5
list	5
limit	5
lifetime	5
lie	5
leather	5
leader	5
lashing	5
lanterns	5
laborers	5
knot	5
joints	5
jackets	5
items	5
isle	5
inquiry	5
inference	5
infants	5
incident	5
impression	5
imagination	5
identity	5
hulls	5
horrors	5
hieroglyphics	5
heroes	5
hereabouts	5
headsmen	5
hawk	5
hatchway	5
hatchet	5
hatch	5
hanging	5
hairs	5
gush	5
groves	5
grey	5
grace	5
governor	5
glimpses	5
gaze	5
gate	5
gallows	5
gallons	5
furniture	5
fortitude	5
forests	5
flask	5
fits	5
file	5
fiends	5
feature	5
feast	5
fan	5
extent	5
experiences	5
expense	5
exclamation	5
escape	5
errand	5
enemy	5
encounter	5
empire	5
emotion	5
drops	5
draught	5
dragon	5
don''t	5
docks	5
dismay	5
dim	5
dents	5
deliverance	5
delirium	5
degrees	5
definition	5
defendants	5
dash	5
cruise	5
crowd	5
cowards	5
couple	5
coronation	5
corn	5
copy	5
cooper	5
conversation	5
companions	5
companies	5
commanders	5
column	5
colors	5
coins	5
coil	5
coffins	5
cock	5
coals	5
cloud	5
choice	5
chips	5
chip	5
chin	5
cheer	5
charm	5
chaps	5
chapel	5
chain	5
census	5
cedar	5
cavity	5
carpenters	5
caps	5
cannon	5
cane	5
calves	5
calling	5
butt	5
branches	5
brace	5
boxes	5
bolt	5
boiling	5
billiard	5
belt	5
bedfellow	5
beasts	5
beard	5
beams	5
barrel	5
azure	5
axis	5
authorities	5
atmosphere	5
associations	5
assaults	5
aspects	5
article	5
arrival	5
archipelagoes	5
apprehension	5
antiquity	5
animals	5
ambergris	5
allusion	5
adventure	5
advantage	5
absence	5
wrecks	4
wisdom	4
winding	4
wilderness	4
wigwam	4
wight	4
widows	4
whisper	4
wheels	4
weaver	4
wax	4
warrior	4
walrus	4
visits	4
vinegar	4
vertebra	4
velvet	4
vaults	4
vapors	4
valley	4
understanding	4
unctuousness	4
tusks	4
trucks	4
tops	4
tools	4
to	4
timidity	4
tidings	4
thump	4
thumb	4
throat	4
threshold	4
tendons	4
tender	4
tendency	4
tapers	4
tales	4
tale	4
swallow	4
suspicion	4
supposition	4
superstition	4
stun	4
stroll	4
streams	4
store	4
stool	4
stones	4
stocks	4
sticks	4
stick	4
steps	4
steed	4
statements	4
statement	4
star	4
standing	4
stages	4
spouting	4
split	4
splice	4
spikes	4
spectacles	4
sounding	4
socks	4
sleeping	4
skirts	4
sire	4
sinners	4
shout	4
shop	4
shivering	4
shells	4
shell	4
sheath	4
serpents	4
serpent	4
series	4
scraps	4
scores	4
scar	4
saying	4
savor	4
satisfaction	4
rust	4
royal	4
roses	4
rose	4
root	4
rooms	4
rolling	4
roar	4
risk	4
rise	4
rifle	4
riddle	4
reverence	4
retreat	4
result	4
resistance	4
research	4
rescue	4
reputation	4
reptile	4
repose	4
report	4
relics	4
regions	4
reflections	4
redness	4
reach	4
re	4
rain	4
quill	4
proverb	4
protection	4
prospects	4
prophecy	4
promontory	4
progress	4
profundities	4
profoundest	4
profit	4
professor	4
profane	4
principles	4
pressure	4
preacher	4
prayer	4
prairies	4
pounds	4
posterity	4
possibility	4
portrait	4
pods	4
pod	4
plumage	4
philosophy	4
philosopher	4
penny	4
pause	4
patience	4
pasture	4
parchment	4
parcel	4
paintings	4
painting	4
pagoda	4
pages	4
ox	4
ounce	4
organs	4
offing	4
observation	4
oaths	4
notion	4
noses	4
nonsense	4
noiseless	4
negro	4
necks	4
nap	4
muskets	4
musk	4
music	4
muscles	4
murder	4
multitude	4
mowers	4
mould	4
motives	4
mortar	4
monomania	4
moisture	4
mob	4
mischief	4
meridians	4
memories	4
meditation	4
meanings	4
meal	4
luckless	4
locker	4
load	4
liver	4
linen	4
limber	4
lightnings	4
lengths	4
lee	4
leaks	4
larboard	4
lamps	4
kitchen	4
kick	4
keepers	4
junk	4
juncture	4
judge	4
jib	4
item	4
intuitions	4
intricacies	4
interlude	4
inside	4
innocence	4
inhabitants	4
infancy	4
impatience	4
idiot	4
icy	4
iceberg	4
household	4
horrid	4
hopes	4
hooks	4
heed	4
hearties	4
hearses	4
heaps	4
heap	4
headway	4
hay	4
havoc	4
haven	4
hats	4
handkerchief	4
handfuls	4
hams	4
habits	4
guns	4
guests	4
gravity	4
grapes	4
goodness	4
go	4
glories	4
gleams	4
girth	4
gin	4
gills	4
gestures	4
gable	4
fuel	4
frigate	4
frame	4
fountains	4
foundations	4
flowers	4
flip	4
flies	4
flashes	4
fishers	4
fires	4
fidelity	4
fever	4
ferocity	4
fathers	4
fat	4
fall	4
extracts	4
experiment	4
exclamations	4
examples	4
essence	4
enterprise	4
eating	4
earthquake	4
driver	4
drawings	4
doze	4
dolphin	4
doctors	4
dive	4
distinction	4
disasters	4
disaster	4
din	4
dimensions	4
difficulty	4
desk	4
defiance	4
deep	4
daughters	4
damp	4
curses	4
cups	4
cub	4
cruet	4
crowds	4
crowding	4
crosswise	4
critters	4
crater	4
courtesy	4
countries	4
counsel	4
corners	4
cork	4
continent	4
conceits	4
cold	4
coach	4
cluster	4
club	4
clock	4
cliffs	4
clay	4
classification	4
class	4
cistern	4
chorus	4
chicha	4
cheers	4
charity	4
chaos	4
change	4
cetology	4
ceremony	4
cave	4
career	4
can	4
cables	4
butts	4
buttons	4
butchers	4
burtons	4
burial	4
buoyancy	4
bumpkin	4
buckets	4
bride	4
bridal	4
brick	4
branch	4
bottle	4
bony	4
boarding	4
boarders	4
billow	4
benefit	4
belief	4
beaver	4
beast	4
bearer	4
bear	4
bay	4
basket	4
barrow	4
barricade	4
banquet	4
axe	4
avast	4
authors	4
attitudes	4
attempts	4
attempt	4
assault	4
artist	4
arrow	4
armies	4
area	4
approach	4
apple	4
appearances	4
announcement	4
anatomy	4
altar	4
allies	4
ale	4
albatross	4
agencies	4
abundance	4
yoke	3
writers	3
worm	3
woof	3
witness	3
wintry	3
wildness	3
width	3
whosoever	3
whit	3
whirlpool	3
whips	3
whereon	3
whaleboats	3
whaleboat	3
weigh	3
wealth	3
warriors	3
wards	3
wages	3
wad	3
voyagings	3
voyager	3
vow	3
visitors	3
villains	3
villages	3
victor	3
victim	3
vices	3
veteran	3
vesture	3
vest	3
vault	3
variety	3
valor	3
vale	3
vacancy	3
usurpation	3
uprising	3
umbrella	3
twos	3
twelvemonth	3
tun	3
tumult	3
trump	3
tropics	3
triumph	3
tricks	3
tribute	3
tribes	3
trial	3
treatise	3
treasures	3
tread	3
travellers	3
trap	3
tragedy	3
track	3
trace	3
towers	3
toss	3
tornadoes	3
torments	3
topsails	3
tongues	3
ton	3
tiles	3
throbbing	3
threes	3
theme	3
text	3
testimony	3
tents	3
tension	3
tens	3
temple	3
temperate	3
telescope	3
tarpaulins	3
swinging	3
swims	3
swift	3
sweetness	3
sweat	3
supremacy	3
supply	3
superior	3
sunwards	3
suns	3
summary	3
sulk	3
suffering	3
sucking	3
succession	3
subtile	3
substitute	3
sublime	3
sturgeon	3
stubbs	3
strove	3
striking	3
strike	3
straps	3
strangeness	3
strait	3
stop	3
stolidity	3
stillness	3
steamer	3
stays	3
staves	3
statue	3
starry	3
stalk	3
squire	3
springs	3
spots	3
sport	3
spokes	3
spire	3
speechless	3
speech	3
specimens	3
specimen	3
soot	3
solitude	3
soldiers	3
soapstone	3
snugness	3
snap	3
smile	3
small	3
slumbers	3
sleeves	3
sledge	3
skrimshander	3
similitude	3
signals	3
sideboard	3
showers	3
shovel	3
shoots	3
sheaves	3
shears	3
shares	3
share	3
shapes	3
shaft	3
sequel	3
sensation	3
selection	3
seeing	3
security	3
seaport	3
seam	3
scythes	3
sculpture	3
screws	3
scheme	3
scale	3
sap	3
sanity	3
salutation	3
rum	3
royalty	3
royals	3
rover	3
route	3
rounds	3
roots	3
robustness	3
rivers	3
ringleader	3
riggers	3
rigger	3
rig	3
riding	3
ridge	3
rider	3
reward	3
revelation	3
return	3
retribution	3
retreats	3
resort	3
resolution	3
reservoir	3
researches	3
request	3
repugnance	3
repentance	3
repast	3
remark	3
remains	3
remainder	3
relish	3
religions	3
recovery	3
recognition	3
rebellion	3
rat	3
rascal	3
rap	3
ram	3
rainbows	3
rags	3
quietude	3
queen	3
pyramids	3
purposes	3
punishment	3
punchbowl	3
pulse	3
pulling	3
pull	3
pudding	3
psalmody	3
prows	3
prosecution	3
proprietors	3
proportions	3
proportion	3
prophets	3
proof	3
promise	3
progression	3
progeny	3
profits	3
prodigy	3
prodigies	3
processions	3
procession	3
proceeds	3
proceeding	3
prize	3
priority	3
presumption	3
presents	3
preparation	3
prejudices	3
precision	3
pout	3
portions	3
portion	3
population	3
poke	3
poison	3
poets	3
pleasure	3
plaster	3
plantation	3
planets	3
planet	3
pines	3
phrase	3
perplexity	3
periods	3
performances	3
perdition	3
pelt	3
peddler	3
pearl	3
peaks	3
patient	3
pastures	3
particle	3
parson	3
pantry	3
pantaloons	3
palace	3
painter	3
paint	3
pagan	3
packet	3
pack	3
pacing	3
pace	3
oysters	3
oxen	3
outset	3
outline	3
origin	3
orange	3
operations	3
omen	3
occupation	3
oaks	3
o	3
nut	3
nursery	3
notice	3
notes	3
northward	3
nooks	3
neighbors	3
navy	3
naturalist	3
natives	3
mutiny	3
mutineer	3
muteness	3
muscle	3
movements	3
mouthfuls	3
mouthful	3
mouse	3
motive	3
mosses	3
morbidness	3
model	3
mode	3
mishap	3
misgivings	3
misery	3
miseries	3
mirror	3
midway	3
method	3
metal	3
mess	3
merit	3
merchantmen	3
membrane	3
meetings	3
medicine	3
meantime	3
meadows	3
maxim	3
maw	3
mask	3
marling	3
marines	3
marbles	3
mallet	3
malignity	3
males	3
male	3
malady	3
maker	3
make	3
majority	3
maid	3
magnet	3
maelstrom	3
lunacy	3
lumber	3
lucifers	3
lovers	3
longitudes	3
livers	3
leisure	3
lees	3
leaping	3
lays	3
layers	3
lawyers	3
latent	3
lard	3
landscape	3
lakes	3
labyrinth	3
knots	3
kinds	3
kindness	3
kelson	3
journey	3
jot	3
jollies	3
joky	3
joists	3
joes	3
jar	3
issue	3
isolation	3
isinglass	3
inwards	3
interior	3
instrument	3
insertion	3
inscriptions	3
inns	3
innermost	3
inmates	3
injustice	3
infinite	3
industry	3
individuality	3
individual	3
indications	3
implements	3
implement	3
imparts	3
idolator	3
husband	3
hurricane	3
hunting	3
hunks	3
humming	3
humanity	3
human	3
hues	3
hove	3
housings	3
hosts	3
horseman	3
hoofs	3
honey	3
homeward	3
hollows	3
hollow	3
holder	3
historian	3
herring	3
hero	3
hen	3
helmet	3
hearth	3
header	3
hawks	3
haunts	3
harvest	3
hark	3
hamper	3
halyards	3
halls	3
gurgling	3
gull	3
guise	3
guard	3
grove	3
grooves	3
greenness	3
green	3
grating	3
granite	3
grain	3
gorge	3
god	3
goblets	3
goat	3
glare	3
gladness	3
glades	3
gift	3
giants	3
genius	3
gay	3
gasp	3
gash	3
gallery	3
gales	3
gaff	3
furnace	3
furlongs	3
funeral	3
fugitive	3
fruit	3
frock	3
fritters	3
fragments	3
foundation	3
fossils	3
fortunes	3
formations	3
formation	3
forks	3
fork	3
forces	3
forbearance	3
fools	3
folks	3
folds	3
fog	3
flurry	3
flowery	3
float	3
flights	3
fleets	3
fleetness	3
flavor	3
flakes	3
fishes	3
fisheries	3
firmness	3
firmament	3
feathers	3
feather	3
fearfulness	3
favor	3
fault	3
fastening	3
fangs	3
fancies	3
fairy	3
expanse	3
exhaustion	3
exercise	3
excellence	3
evil	3
estimation	3
esteem	3
errors	3
error	3
equality	3
epidemic	3
epaulets	3
envelope	3
engraving	3
endeavors	3
endeavor	3
emperors	3
emergencies	3
embodiment	3
elasticity	3
effort	3
effeminacy	3
edition	3
edges	3
eddy	3
eddies	3
ebony	3
earnestness	3
eagle	3
dyspepsia	3
drugg	3
drought	3
drawing	3
drama	3
dough	3
dominion	3
dolphins	3
divers	3
districts	3
district	3
distress	3
distinctions	3
disposition	3
dint	3
digger	3
didst	3
diamond	3
diameter	3
devices	3
details	3
detail	3
desolation	3
design	3
descent	3
demon	3
democracy	3
delivery	3
delay	3
deity	3
deficiency	3
deeps	3
decision	3
dancing	3
dairy	3
daft	3
cut	3
curse	3
cunning	3
cubs	3
crystal	3
cruisers	3
crossing	3
crisis	3
cream	3
cranes	3
crane	3
crack	3
crabs	3
cover	3
counterpart	3
counter	3
cough	3
cotton	3
cottage	3
cordage	3
coopers	3
contour	3
constellation	3
confusion	3
concert	3
comprehensiveness	3
comprehension	3
commentaries	3
columns	3
cocks	3
clue	3
clothing	3
closet	3
climes	3
cleat	3
claps	3
clams	3
cities	3
circus	3
chowders	3
childhood	3
chests	3
cherries	3
charger	3
characteristics	3
chaplain	3
chambers	3
chairs	3
certainty	3
cells	3
celerity	3
ceaseless	3
catastrophe	3
casualty	3
castaways	3
castaway	3
carriage	3
cargo	3
cards	3
card	3
capitals	3
capital	3
capacity	3
candidate	3
calms	3
calf	3
calendar	3
calabash	3
button	3
burst	3
bulls	3
buckle	3
brows	3
broom	3
brine	3
brilliancy	3
brigs	3
breezes	3
breathing	3
break	3
breach	3
brass	3
bowlines	3
bower	3
boughs	3
boneless	3
boilers	3
blows	3
bloom	3
bliss	3
blazing	3
bigness	3
bid	3
benediction	3
bells	3
begone	3
begging	3
beds	3
beating	3
bearers	3
beards	3
beak	3
beaches	3
battering	3
basis	3
bark	3
barbarians	3
bands	3
background	3
babies	3
audacity	3
attacks	3
ascendency	3
arts	3
array	3
arrangement	3
ark	3
apprehensiveness	3
apprehensions	3
appetites	3
appetite	3
appellation	3
anxiety	3
ant	3
answers	3
annihilation	3
angles	3
anger	3
amount	3
ambition	3
almanack	3
agents	3
agency	3
affection	3
ado	3
acres	3
ache	3
accuracy	3
accordance	3
accompaniments	3
zones	2
zodiac	2
zeal	2
yours	2
yore	2
yells	2
yellow	2
yeast	2
wrong	2
writer	2
wriggling	2
wrench	2
wrapt	2
worshipping	2
worshippers	2
worshipper	2
workman	2
wool	2
woodlands	2
wondering	2
wolves	2
woes	2
wire	2
windpipe	2
whites	2
whispers	2
whisker	2
whim	2
whiff	2
whetstone	2
wheelbarrow	2
wheat	2
west	2
wert	2
weeping	2
weeds	2
weed	2
weal	2
weakness	2
watchman	2
waste	2
wash	2
warnings	2
warning	2
warmth	2
warehouses	2
warehouse	2
wardrobe	2
wanting	2
wand	2
wallow	2
wallet	2
walks	2
waistcoat	2
wails	2
vulture	2
vortex	2
voracity	2
vomit	2
volumes	2
volcanoes	2
voids	2
visions	2
virtues	2
virgin	2
violets	2
vintages	2
vineyard	2
vines	2
vine	2
vindictiveness	2
vile	2
victory	2
viciousness	2
vials	2
veriest	2
vent	2
velvets	2
vein	2
vanity	2
vane	2
vagabond	2
vacancies	2
utterance	2
uses	2
upwards	2
up	2
unknown	2
uneasiness	2
undulations	2
undulates	2
uncle	2
unceasing	2
tyro	2
twist	2
twins	2
twin	2
tweezers	2
tusk	2
turban	2
tuns	2
tune	2
trunks	2
trophy	2
trophies	2
troops	2
triumphal	2
trip	2
trifles	2
tribulations	2
trepidation	2
treasure	2
travel	2
traps	2
trappings	2
trappers	2
transfer	2
traits	2
traitors	2
trail	2
tragedies	2
trading	2
trade	2
traces	2
toy	2
tossings	2
torrents	2
torrent	2
tormenting	2
topsail	2
toothache	2
toilings	2
toilet	2
toe	2
tints	2
tinker	2
tinge	2
tin	2
tigers	2
tier	2
thunders	2
thunderbolts	2
thrusts	2
throwing	2
throes	2
threat	2
thread	2
thoroughfares	2
thorns	2
tho	2
thinkings	2
thieves	2
thickets	2
thews	2
thanks	2
tetering	2
tester	2
territories	2
terraces	2
terra	2
tepid	2
temples	2
temperature	2
tell	2
tear	2
teachings	2
tawn	2
tattooings	2
tatters	2
tarpaulin	2
tapering	2
tantalizing	2
tangles	2
tandem	2
tallow	2
t	2
symptom	2
sympathy	2
sympathies	2
syllable	2
swords	2
swings	2
swing	2
swimmer	2
swelling	2
sweatings	2
swaths	2
swallows	2
suspense	2
surtout	2
surrender	2
surmisings	2
surmises	2
surgeons	2
superstitiousness	2
summers	2
sultry	2
sultanism	2
subtlety	2
substances	2
sublimity	2
subaltern	2
stunsail	2
stumps	2
study	2
student	2
strokes	2
stript	2
strife	2
strides	2
strictest	2
stretching	2
straw	2
strata	2
strands	2
strand	2
strainings	2
straining	2
straightway	2
stores	2
stopping	2
sterns	2
stepmother	2
stem	2
steerer	2
stave	2
stature	2
station	2
starvation	2
stare	2
standard	2
stamp	2
stake	2
stains	2
stacks	2
squint	2
squid	2
squaw	2
square	2
spurs	2
spouter	2
spoons	2
spool	2
splinter	2
splash	2
spinning	2
spile	2
spike	2
spices	2
sphere	2
speculations	2
speak	2
sparks	2
spans	2
sow	2
south	2
somerset	2
solitudes	2
solitaries	2
solicitude	2
solemnity	2
sofas	2
sofa	2
sockets	2
sob	2
soap	2
snug	2
snows	2
snatches	2
snapping	2
snake	2
smitten	2
sloping	2
slopes	2
slope	2
sloop	2
slit	2
slime	2
slides	2
sleepless	2
slaves	2
slate	2
slap	2
skipper	2
skiff	2
skewer	2
sketches	2
sizes	2
site	2
sires	2
sink	2
singing	2
sinews	2
sincerity	2
simultaneousness	2
sill	2
silk	2
sighs	2
sidelong	2
sickness	2
sickle	2
shudderings	2
shrine	2
shrieking	2
show	2
shoreless	2
shirts	2
shinbones	2
shepherd	2
sheepfold	2
shank	2
shalt	2
shaking	2
severest	2
sermon	2
sepulchre	2
sentry	2
sentiment	2
sentences	2
senses	2
sensations	2
semicircle	2
semblance	2
seizings	2
segment	2
seethings	2
seer	2
securities	2
sect	2
secresy	2
second	2
seclusion	2
seaward	2
seats	2
sculptures	2
scriptures	2
scratches	2
scrape	2
scowl	2
sciences	2
schoolmasters	2
scholars	2
scholar	2
scepticism	2
scenery	2
scaramouch	2
saws	2
saw	2
sauntering	2
sauce	2
sashes	2
sands	2
sanctity	2
salutations	2
saint	2
sage	2
sadness	2
rumbling	2
rules	2
ruins	2
ruddy	2
rotation	2
roof	2
roods	2
robe	2
roast	2
rivals	2
ripples	2
ripple	2
riots	2
ringbolts	2
rind	2
rim	2
ridges	2
riddles	2
richness	2
revery	2
reverie	2
reverend	2
revenue	2
revelations	2
response	2
respite	2
respiration	2
resentment	2
repetition	2
renegades	2
remnants	2
reminiscences	2
remembrance	2
remarks	2
relation	2
rejoinder	2
regard	2
reef	2
recollection	2
recklessness	2
reasoning	2
reappearance	2
razors	2
razor	2
ray	2
ranks	2
rampart	2
rains	2
rainbow	2
raiment	2
rag	2
radiance	2
racket	2
quoin	2
quivers	2
quivering	2
quiver	2
quilt	2
quills	2
quid	2
quarto	2
quakers	2
quaint	2
push	2
pursuits	2
purple	2
pupils	2
pulpits	2
public	2
prudent	2
provision	2
province	2
propriety	2
proprietor	2
proportionate	2
propensity	2
promotion	2
prominence	2
profundity	2
profounder	2
professions	2
problems	2
privileges	2
prisoner	2
prison	2
princes	2
prince	2
prices	2
prestige	2
presentiment	2
presentations	2
preparations	2
premium	2
premises	2
preliminaries	2
predictions	2
precipitancy	2
pre	2
possibilities	2
posse	2
portentousness	2
pork	2
porch	2
pond	2
poltroon	2
poise	2
poet	2
poem	2
plunging	2
plum	2
pledge	2
pleasant	2
pleadings	2
players	2
plains	2
plaguy	2
placidity	2
pitiless	2
pistols	2
pirate	2
pioneer	2
pint	2
pins	2
pine	2
pilots	2
pills	2
pilgrim	2
pikes	2
pie	2
picturesqueness	2
picturesque	2
pick	2
piazza	2
phrensy	2
phrensies	2
phrenologists	2
petulence	2
personality	2
perquisites	2
perfume	2
perches	2
peradventure	2
pepper	2
pens	2
peninsula	2
peg	2
pedestrian	2
peasant	2
pear	2
peak	2
paws	2
paw	2
paunch	2
patent	2
patchwork	2
past	2
passions	2
pass	2
partners	2
partner	2
pardon	2
parallel	2
pants	2
pangs	2
pan	2
pallidness	2
pall	2
pairs	2
paints	2
pain	2
pads	2
paddle	2
paces	2
outskirts	2
outside	2
outriders	2
outrage	2
outlines	2
outlets	2
outlaws	2
outfits	2
oughts	2
orlop	2
original	2
orgies	2
orchard	2
orbs	2
opinions	2
omnipotent	2
omens	2
olive	2
olfactories	2
offspring	2
offices	2
occurrence	2
obstetrics	2
observations	2
obligations	2
objections	2
objection	2
obey	2
nursing	2
nourishment	2
notions	2
notches	2
nosegay	2
nonce	2
noises	2
nod	2
nobody	2
nightmare	2
nightfall	2
nervousness	2
neighboring	2
needs	2
necklace	2
necessities	2
navel	2
natures	2
narwhales	2
narwhale	2
narration	2
napkins	2
nakedness	2
mythologies	2
mute	2
mustard	2
muskiness	2
mummies	2
mumblings	2
multiplicity	2
mule	2
mower	2
move	2
mout	2
moustache	2
mourning	2
mounts	2
mouldings	2
moss	2
mortal	2
morsel	2
morn	2
morass	2
moose	2
moons	2
monument	2
monomaniac	2
monarchs	2
momentum	2
moles	2
mole	2
molasses	2
modes	2
mocking	2
mists	2
mistakes	2
missionary	2
miniature	2
mill	2
midships	2
message	2
mermaids	2
meridian	2
mentioning	2
memoirs	2
medium	2
measures	2
measurement	2
meads	2
mazes	2
maze	2
maty	2
mattress	2
mathematics	2
materials	2
mastership	2
masters	2
marshal	2
marriage	2
march	2
map	2
mantle	2
mane	2
maledictions	2
maketh	2
main	2
mahogany	2
magnets	2
magazine	2
madman	2
lustre	2
lurks	2
lung	2
lumps	2
lump	2
lubber	2
lowers	2
lowerings	2
loveliness	2
lords	2
lord	2
lookouts	2
longing	2
lofty	2
lockers	2
lobes	2
loadstone	2
loads	2
liveliness	2
livelihood	2
live	2
lilies	2
likes	2
lieu	2
lies	2
lids	2
license	2
lexicon	2
legend	2
left	2
leering	2
leech	2
ledge	2
leap	2
league	2
leaf	2
leaders	2
lawyer	2
last	2
lashings	2
lapse	2
lanyard	2
landlessness	2
labors	2
knocking	2
knitting	2
knights	2
knight	2
kink	2
kill	2
kicks	2
keys	2
kettles	2
keeping	2
junks	2
junction	2
jump	2
juggling	2
juggler	2
joosy	2
jollity	2
joker	2
joist	2
joint	2
jobs	2
jinglers	2
jig	2
jewels	2
jewellers	2
jewel	2
javelins	2
jamming	2
jail	2
jacks	2
jackal	2
islets	2
islanders	2
involutions	2
investiture	2
investigations	2
inuendoes	2
interview	2
interruptions	2
interruption	2
interpreter	2
interests	2
interchange	2
intellect	2
integral	2
insurgents	2
insurance	2
insect	2
inland	2
injury	2
inhabitant	2
information	2
inferiority	2
indomitableness	2
individuals	2
indignity	2
indication	2
index	2
incredulity	2
incorruption	2
income	2
incognita	2
incessant	2
incarnation	2
incantation	2
imputation	2
improvements	2
imposing	2
imports	2
impetus	2
immortality	2
immensities	2
images	2
illustration	2
idleness	2
icicles	2
hypothesis	2
hymn	2
humorousness	2
humility	2
humbug	2
howl	2
hovering	2
hospitals	2
hospitality	2
hospital	2
hose	2
hop	2
hoof	2
honors	2
homewards	2
holidays	2
holiday	2
hoist	2
hogs	2
hoe	2
histories	2
hip	2
hinting	2
hinges	2
hinge	2
highway	2
highness	2
hideousness	2
heron	2
hermits	2
hermit	2
heels	2
heedfulness	2
heavers	2
heaven	2
hearthstone	2
hearers	2
headland	2
haze	2
hazard	2
haul	2
hath	2
hatchways	2
hartshorn	2
harp	2
happiness	2
hap	2
handspike	2
handles	2
hall	2
habit	2
h	2
gurglings	2
gums	2
gulf	2
guinea	2
guilt	2
grunt	2
grudge	2
growth	2
group	2
groan	2
grip	2
grindstone	2
grin	2
grimness	2
grenadier	2
greenland	2
greatness	2
graze	2
grasp	2
grapnels	2
grandfather	2
grammars	2
gourmand	2
gorges	2
goblet	2
goal	2
glue	2
glow	2
globules	2
glistening	2
glimmer	2
glens	2
girdle	2
gilt	2
gibberish	2
ghostliness	2
general	2
genealogies	2
gaunt	2
gateway	2
gates	2
gasps	2
gasping	2
gases	2
gas	2
gardens	2
gangs	2
gamesomeness	2
gam	2
gallon	2
galliot	2
gallantry	2
gait	2
gaining	2
gain	2
fuss	2
furnishes	2
furnaces	2
funereal	2
functions	2
frosts	2
fronts	2
frocks	2
frigates	2
friendship	2
freshets	2
freshet	2
freedom	2
fraternity	2
fourths	2
forwards	2
fortresses	2
fortress	2
formless	2
foreshadowing	2
forenoon	2
foremast	2
foreheads	2
forebodings	2
folly	2
folios	2
flying	2
fly	2
flutterings	2
flower	2
flourish	2
floors	2
flitting	2
flint	2
fling	2
flea	2
flap	2
fist	2
fissure	2
fishing	2
fireboard	2
files	2
fiddle	2
fevers	2
fetch	2
festoon	2
ferule	2
ferry	2
ferrule	2
females	2
felicity	2
feeders	2
feasts	2
fearlessness	2
favorite	2
fathom	2
fast	2
fashions	2
farthing	2
famine	2
families	2
faithfulness	2
fainter	2
failures	2
fabric	2
fable	2
extremities	2
extinction	2
externals	2
exterior	2
expressions	2
exposure	2
exploit	2
expansion	2
exhibition	2
exertion	2
executors	2
exclusiveness	2
exception	2
evidence	2
evermore	2
eve	2
evangelist	2
eternities	2
estimate	2
essays	2
escaping	2
erections	2
erection	2
ere	2
equinox	2
epicures	2
entreaties	2
entrances	2
ensigns	2
enormousness	2
engines	2
enemies	2
endwise	2
encounters	2
employment	2
emphasis	2
emperor	2
eminence	2
emigrants	2
emblazonings	2
egress	2
effulgent	2
effulgences	2
effects	2
eel	2
echo	2
earthquakes	2
earnest	2
duties	2
dusk	2
duodecimo	2
ducking	2
drooping	2
dromedary	2
drinking	2
dreaminess	2
draughts	2
doxology	2
down	2
doorway	2
donkey	2
dome	2
dollar	2
documents	2
doctrine	2
divineness	2
diversion	2
distension	2
distances	2
disobedience	2
disgust	2
disdain	2
discretion	2
discoverer	2
discount	2
disclosures	2
disciples	2
discernment	2
disappearance	2
dip	2
digestion	2
dig	2
difficulties	2
diet	2
die	2
dictator	2
dial	2
diabolism	2
dexterity	2
dew	2
devout	2
device	2
development	2
detestation	2
destiny	2
destination	2
desperadoes	2
desires	2
designs	2
depressions	2
depression	2
departure	2
departments	2
department	2
dention	2
dent	2
density	2
demoniac	2
demand	2
delusion	2
delineations	2
deliciousness	2
defilements	2
defile	2
deer	2
deeds	2
deception	2
deceits	2
deceitfulness	2
decay	2
decanters	2
dealers	2
daybreak	2
daughter	2
darts	2
daring	2
dardanelles	2
dams	2
dames	2
dainty	2
daintiest	2
cuttle	2
cures	2
curds	2
curbstone	2
cupidity	2
crystals	2
cruisings	2
cruises	2
crows	2
cronies	2
crocodile	2
cripple	2
cringing	2
crime	2
crier	2
cricket	2
crests	2
crest	2
credentials	2
creaking	2
crash	2
cows	2
covering	2
covenant	2
cousin	2
counting	2
cosmetic	2
correspond	2
corpulence	2
cordon	2
copestone	2
coolness	2
cooking	2
conveniences	2
convenience	2
contrivance	2
contraction	2
contracting	2
contortions	2
contingency	2
continents	2
context	2
contest	2
content	2
contemplation	2
constitution	2
consistence	2
consequences	2
confinement	2
confess	2
condescension	2
concubines	2
concrete	2
concluding	2
concernment	2
conception	2
compliments	2
completion	2
complement	2
companionship	2
companion	2
communication	2
commonplaces	2
commentators	2
coming	2
comforters	2
come	2
combinations	2
combat	2
comb	2
colonies	2
colonial	2
cologne	2
collection	2
collectedness	2
collar	2
code	2
cocoanuts	2
cocoa	2
coats	2
clusters	2
clubbed	2
clout	2
close	2
climates	2
claw	2
citations	2
circumnavigation	2
circlings	2
cigars	2
churchyard	2
chronicler	2
cholera	2
chisel	2
chimneys	2
chestnuts	2
cherry	2
chariot	2
channels	2
chamber	2
cetacea	2
cerebellum	2
cents	2
centaurs	2
cemeteries	2
cellars	2
cellar	2
cautiousness	2
caution	2
cathedrals	2
cataract	2
cat	2
casualties	2
castors	2
castor	2
casket	2
casements	2
cascade	2
carving	2
carrion	2
carriages	2
cares	2
caravans	2
cape	2
canopy	2
canes	2
calmness	2
call	2
calculation	2
calamity	2
cakes	2
cake	2
cage	2
cadence	2
cachalot	2
cabinet	2
by	2
butterfly	2
bustle	2
bust	2
busks	2
bursting	2
burns	2
burglar	2
buoys	2
bundles	2
bundle	2
bulkhead	2
builders	2
buffaloes	2
buffalo	2
buckskin	2
buckler	2
buck	2
brothers	2
brook	2
bronze	2
broker	2
bristles	2
brimstone	2
brim	2
brightness	2
brief	2
bridges	2
breeding	2
breaking	2
brawn	2
bravery	2
brandy	2
brand	2
bowls	2
bounds	2
bounce	2
bottles	2
bosoms	2
borders	2
border	2
boot	2
bonnet	2
bond	2
boldness	2
boiler	2
bodings	2
bodily	2
bodiless	2
boast	2
blunder	2
blemish	2
blaze	2
blasphemy	2
blasphemer	2
blankness	2
blank	2
blandishments	2
blacksmiths	2
blacks	2
bites	2
bite	2
bison	2
biscuits	2
binder	2
benches	2
belike	2
believer	2
beliefs	2
belfry	2
behold	2
beggars	2
beggar	2
bees	2
beefsteaks	2
bedstead	2
bedside	2
bedfellows	2
beat	2
beam	2
beaks	2
beads	2
beadle	2
beacon	2
bayonet	2
battery	2
battalions	2
bath	2
basement	2
barreler	2
barn	2
barb	2
banners	2
banks	2
bank	2
bales	2
baggage	2
badge	2
backwoodsman	2
backbones	2
backbone	2
bachelor	2
awkwardness	2
awfulness	2
avocation	2
averages	2
avenues	2
auger	2
attendant	2
attendance	2
athirst	2
astir	2
assure	2
assertion	2
assailants	2
assailant	2
ass	2
arsacides	2
arrows	2
army	2
armor	2
arguments	2
ardor	2
architects	2
architect	2
arches	2
arc	2
appellative	2
ape	2
antiquities	2
antique	2
anticipation	2
annals	2
ankers	2
ancestry	2
analogy	2
altitudes	2
altitude	2
alow	2
alms	2
allowance	2
alien	2
alcoves	2
alarms	2
airley	2
aim	2
aglow	2
aggregate	2
after	2
aforethought	2
afore	2
affright	2
advocate	2
advances	2
adult	2
adrift	2
adoration	2
admirals	2
admiral	2
admeasurements	2
addition	2
acts	2
actions	2
acre	2
acquaintances	2
acquaintance	2
abode	2
ablutions	2
abandonment	2
abaft	2
a''top	2
''s	2
zoology	1
zephyr	1
yourselbs	1
yon	1
yokes	1
yields	1
yell	1
ye''ve	1
ye''ll	1
yawing	1
yaw	1
y	1
xxxviii	1
xviii	1
xliii	1
xlii	1
xerxes	1
wrought	1
writing	1
wrestlings	1
wrenching	1
wreath	1
wrapper	1
wrapall	1
wrangling	1
wounds	1
"wound--""well"	1
wouldst	1
worships	1
worryings	1
worming	1
world;--neither	1
workmen	1
workers	1
worker	1
"word--""captain"	1
woraciousness	1
woollen	1
wooing	1
woody	1
woodpecker	1
woodland	1
woodcock	1
woo	1
wonst	1
wondrousness	1
wonderments	1
wonderment	1
wonderfulness	1
won''t	1
womb	1
wittiness	1
wits	1
witnesses	1
withstanding	1
withdrawals	1
withdrawal	1
withal	1
with--''no	1
witchery	1
witcheries	1
witch	1
wit	1
wish	1
wires	1
winks	1
wink	1
wines	1
wind!--aloft	1
wills	1
willow	1
willingness	1
willains	1
wilfulness	1
wilds	1
wigwams	1
wights	1
wife?--rather	1
wid	1
wickedness	1
wick	1
whizzings	1
whither	1
whitenesses	1
whistling	1
whistle	1
whispering	1
whiskey	1
whirlwinds	1
whirls	1
whirl	1
whimsiness	1
whimsicalities	1
whiffs	1
whetstones	1
whereto	1
whereat	1
whelmings	1
whalin	1
whaleboning	1
whale!--drive	1
westward	1
wer''t	1
wells	1
welcome	1
weepons	1
weedy	1
wedge	1
wedder	1
weazel	1
weaving	1
weaver!--stay	1
weave	1
weathers	1
weasel	1
weariness	1
wearer	1
weakling	1
way?--make	1
wavings	1
waving	1
waterspout	1
watchmen	1
watchmakers	1
watcher	1
wast	1
wasps	1
washes	1
warrantry	1
warping	1
warlike	1
warfare	1
wapping	1
wants	1
wantonness	1
wanings	1
wanes	1
wanderings	1
wanderer	1
wan	1
walruses	1
wallowing	1
walking	1
waking	1
wakefulness	1
waiter	1
waistcoats	1
waistband	1
wainscots	1
wailings	1
wailing	1
wail	1
waifed	1
wagon	1
wag	1
wading	1
wa	1
vultures	1
vultureism	1
voyagers	1
vow''d	1
vouchers	1
vortices	1
volley	1
volcano	1
vocabulary	1
vivifying	1
vividness	1
vivacity	1
vitals	1
visitations	1
visitation	1
visitants	1
visage	1
viol	1
vintage	1
vineyards	1
vineyarder	1
villanies	1
villa	1
viii	1
vigor	1
vignettes	1
views	1
viewing	1
victories	1
vicissitude	1
vicinities	1
viceroy	1
vibrations	1
vibrating	1
vibrate	1
vestige	1
vestibule	1
vesper	1
vert	1
versions	1
verse	1
vers	1
vernacular	1
vermonters	1
vermillion	1
vermicelli	1
verity	1
verifications	1
verdes	1
verbalists	1
veracity	1
vents	1
ventricles	1
veneration	1
vehicle	1
vehement	1
veal	1
vats	1
vat	1
vassal	1
"vane""--pointing"	1
valves	1
valise	1
vain	1
vagueness	1
vacuum	1
vacuity	1
vacillations	1
vacation	1
v.	1
utmost	1
utility	1
utilities	1
usurper	1
usher	1
usefulness	1
urchins	1
uproar	1
upraising	1
upliftings	1
upheaving	1
upcast	1
upbraidings	1
unwinking	1
unwillingness	1
untidy	1
unsleeping	1
unpitying	1
unmindful	1
universality	1
uniqueness	1
unintelligence	1
uniformity	1
uniform	1
unicorns	1
unhealing	1
unfulfilments	1
unfitness	1
unfearing	1
undulation	1
undulating	1
undressing	1
underwriter	1
undertaker	1
understandings	1
underneath	1
underlings	1
undergraduate	1
under	1
uncouthness	1
unconsciousness	1
unconquering	1
uncompromisedness	1
uncomfortableness	1
uncleanliness	1
unclad	1
unbelief	1
unbecomingness	1
unawares	1
unapparent	1
umbrellas	1
ultimatum	1
ulceration	1
ubiquity	1
tyros	1
tyrant	1
typifies	1
typhoons	1
typhoon	1
type	1
twopence	1
twists	1
twiske	1
twilights	1
twigs	1
twig	1
twelve	1
twelfth	1
turtles	1
turtle	1
turmoil	1
turkeys	1
turfed	1
turbulence	1
tunnel	1
tunes	1
tumults	1
tumblers	1
tulips	1
tugging	1
tug	1
tufts	1
tubes	1
tu	1
trysail	1
truths	1
trust	1
trumps	1
"truck--""ha"	1
truce	1
trover	1
trousers	1
troughs	1
trough	1
tropic	1
trope	1
triumphs	1
triumphant	1
tripod	1
trio	1
trinity	1
tribulation	1
triangular	1
triangles	1
trials	1
trenchers	1
trencher	1
tremor	1
tremendousness	1
trembles	1
treble	1
treats	1
treating	1
treasuries	1
treadle	1
treachery	1
treacheries	1
tray	1
travels	1
translation	1
transit	1
transfix	1
transcendent	1
transactions	1
trans	1
tranquillity	1
tranquillities	1
trances	1
trampling	1
tramping	1
trailing	1
tradition	1
tracts	1
tract	1
tracks	1
trackless	1
tracings	1
tracery	1
towering	1
toughness	1
touches	1
totality	1
totalities	1
total	1
tossing	1
tortoise	1
torsoes	1
torso	1
torment	1
torch	1
topmost	1
topic	1
topers	1
toothpick	1
tool	1
too!--toss	1
tonic	1
tongueless	1
tombstones	1
tombs	1
"tomb,""--he"	1
tolling	1
toils	1
toilette	1
togs	1
toed	1
toder	1
toddies	1
toadstools	1
toad	1
titles	1
tit	1
tissues	1
tips	1
tip	1
tint	1
tinkers	1
tinkerings	1
tingles	1
tinges	1
tilt	1
tilbury	1
tigress	1
ties	1
tiers	1
tie	1
tidiness	1
tideless	1
ticks	1
ticklish	1
ticking	1
tiara	1
thwart	1
thwack	1
thunderings	1
thundering	1
thunder!--jump	1
thumbs	1
thrusting	1
throw	1
thrones	1
throbs	1
throbbings	1
throb	1
throats	1
throat!--i''ve	1
thrilling	1
thrill	1
threepence	1
threadbare	1
thoughtlessness	1
thoughtfulness	1
though;--cherries	1
thou?--dost	1
thou''lt	1
thole	1
thistles	1
this;--at	1
thirteenth	1
thinness	1
thinkest	1
thinkers	1
think	1
thing;--no	1
thighs	1
thief	1
thickest	1
thickens	1
thereabouts	1
there?--avast	1
there!--keep	1
there!--brace	1
there!--beware	1
theology	1
thenceforth	1
them!--scrape	1
theatre	1
that----	1
that--	1
thankless	1
texture	1
textbook	1
testaments	1
test	1
terse	1
terrorem	1
terrier	1
terribleness	1
terrapin	1
termination	1
terminating	1
tenth	1
tensing	1
tenpin	1
tenement	1
tendrils	1
tenderness	1
temptation	1
temperance	1
temper	1
tellin	1
telegraph	1
teenth	1
tee	1
technicals	1
teats	1
tearlessness	1
tearless	1
teak	1
taunts	1
tauntings	1
tat	1
tastin	1
tastes	1
tassels	1
tarts	1
tars	1
tape	1
tantalization	1
tanning	1
tangle	1
talons	1
tally	1
tallies	1
talking	1
talisman	1
tags	1
tacks	1
tablet	1
tablecloth	1
tableau	1
tabernacles	1
tabernacle	1
t''gallant	1
systematizer	1
systematization	1
synod	1
symmetry	1
symbols	1
symbolizings	1
sylphs	1
swum	1
swore	1
swordsman	1
swooping	1
swoop	1
sweethearts	1
sweetest	1
sweetener	1
sweeping	1
sweepers	1
swears	1
swearing	1
sways	1
swayings	1
swaying	1
swash	1
swap	1
swamps	1
swamping	1
swagger	1
sustenance	1
suspects	1
survivors	1
survival	1
surveyor	1
surveillance	1
surmise	1
surging	1
surges	1
surcoat	1
suppression	1
supplication	1
supplants	1
supervision	1
supernaturalness	1
supernaturalism	1
superiors	1
superincumbent	1
superfluousness	1
sunshine	1
sunsets	1
sung	1
"sun--""it"	1
summons	1
summoning	1
summits	1
sultan	1
sulphur	1
sulky	1
sulks	1
suicides	1
suicide	1
suggestiveness	1
suggestions	1
suggestings	1
suffice	1
sufferings	1
suds	1
suddenness	1
suction	1
sucklings	1
succorless	1
suburbs	1
subtleties	1
subtleness	1
subtilty	1
subterraneousness	1
subterranean	1
submission	1
submarine	1
sublimer	1
subdivisions	1
subalterns	1
stupor	1
stunsails	1
studs	1
students	1
stubbornness	1
"stubb--""he"	1
struggles	1
struggle	1
structures	1
stronghold	1
strives	1
strips	1
strings	1
strikes	1
stride	1
stress	1
streaming	1
streamers	1
strays	1
strawberries	1
strategem	1
strandings	1
stowaways	1
stowage	1
stormy	1
storage	1
stomachs	1
stokers	1
stiver	1
stitch	1
stirrings	1
sting	1
stilts	1
stiletto	1
stigma	1
stiggs	1
stiffly	1
stiffening	1
sticking	1
sthetics	1
sternward	1
stereotype	1
stepmothers	1
stems	1
steeple	1
steeds	1
steals	1
steaks	1
stead	1
stay	1
statues	1
statistics	1
staterooms	1
starts	1
starlight	1
staring	1
stanzas	1
stands	1
standpoint	1
stander	1
stampings	1
stampedoes	1
stalls	1
stall	1
stakes	1
stair	1
stab	1
squilgee	1
squeezing	1
squattings	1
squash	1
squadrons	1
spy	1
spurrings	1
sprouts	1
sprinklings	1
sprinkling	1
springing	1
sprat	1
spouters	1
spotlessness	1
spotless	1
sportsman	1
sports	1
splendors	1
spleen	1
spiralizations	1
spiracles	1
spines	1
spindles	1
spindle	1
spin	1
spill	1
spiles	1
spigot	1
spies	1
spice	1
sphynx	1
spheres	1
spells	1
spectre	1
spectralness	1
specialties	1
specialities	1
spearings	1
speaks	1
speaker	1
sparkling	1
spark	1
sparing	1
span	1
spademan	1
spaciousness	1
sovereign	1
southwards	1
southward	1
sou''-wester	1
sorter	1
sorrows	1
sorcery	1
soothes	1
sooth	1
songster	1
songs	1
somnambulisms	1
solus	1
solo	1
soliloquizer	1
solicitudes	1
soles	1
solecism	1
soldier	1
soldadoes	1
solaces	1
solace	1
soils	1
sog	1
softness	1
softener	1
soever	1
sod	1
sobriety	1
sobbings	1
snuffers	1
snuff	1
snowshoes	1
snortings	1
snorting	1
snort	1
snore	1
snooze	1
sneezes)--yes	1
snarls	1
snare	1
snaps	1
snakes	1
smuggling	1
smugglers	1
smoothe	1
smokers	1
smoker	1
smithies	1
smells	1
smeer	1
smart	1
smallness	1
smacking	1
slumberers	1
slumber	1
slowness	1
slogan	1
slobgollion	1
slits	1
slipt	1
slippering	1
slipperiness	1
slip	1
sling	1
slicings	1
slices	1
slice	1
sleights	1
sleight	1
sleeps	1
sleeplessness	1
sleepiest	1
sleek	1
slavery	1
slaughter	1
slats	1
slapping	1
slappin	1
slantings	1
slanderin	1
slain	1
slack	1
skrimmage	1
skippers	1
skip	1
skins	1
skimming	1
skewers	1
skelter	1
sixpence	1
sitting	1
sittin	1
sites	1
sit	1
sir--(aside	1
sinner	1
sinks	1
sinkers	1
sinker	1
sings	1
sing	1
sinecures	1
sinecure	1
simplicity	1
similes	1
silver,--so	1
silks	1
silent	1
silences	1
signing	1
"signifies--""god"	1
signification	1
signers	1
sigh	1
sieve	1
shyness	1
shutters	1
shutter	1
shuffling	1
shuffle	1
shrunk	1
shrubs	1
shrines	1
shriek	1
shrewdness	1
shovels	1
shouts	1
"shoulder,--""cook"	1
shortness	1
shops	1
shooting	1
shooks	1
shoemaker	1
shod	1
shocks	1
shivers	1
shiverings	1
shipyards	1
shipwrecks	1
shipkeepers	1
shindy	1
shinbone	1
shilling	1
shiftings	1
shift	1
shields	1
shield	1
sherbet	1
shelves	1
sheets!--helm	1
sheds	1
sheaths	1
shearing	1
sheaf	1
sharp	1
shallows	1
shallop	1
shagginess	1
shafts	1
shadings	1
shad	1
sexes	1
sex	1
settling	1
settlers	1
settlements	1
settlement	1
settle	1
settees	1
settee	1
sets	1
seth	1
servile	1
servants	1
sermonizings	1
serfs	1
sereneness	1
serene	1
sentinels	1
sentimentalist	1
sentence	1
seniors	1
senior	1
semi	1
selves	1
selfsame	1
seizure	1
seignories	1
seem''st	1
seducing	1
section	1
seconds	1
secludedness	1
seaweed	1
seamless	1
sealine	1
scuppers	1
scuffling	1
scrutiny	1
scruples	1
scrougin	1
scrouge	1
scrolls	1
scroll	1
scripture	1
screen	1
screams	1
scream	1
scrawl;--what	1
scratching	1
scratch	1
scrapings	1
scraping	1
scramble	1
scoundrel	1
scorn	1
scoria	1
scorch	1
sconces	1
scimetars	1
scimetar	1
schooners	1
schoolboys	1
scheming	1
sceptre	1
scent	1
scene.--it	1
scatter	1
scars	1
scarf	1
scare	1
scarcity	1
scamp	1
scalp	1
scalding	1
scabbards	1
sawn	1
saving	1
savannas	1
savagery	1
savageness	1
saucers	1
satins	1
satin	1
satiety	1
sash	1
sartin	1
sartainty	1
sarmon	1
saplings	1
sapling	1
sanctum	1
sanctuary	1
sanctorum	1
samphire	1
sammy--	1
salutes	1
salts	1
saltcellar	1
salmon	1
sally	1
sallies	1
salad	1
saints	1
sails!--stunsails	1
sailorlike	1
sailings	1
sailer	1
sagacity	1
saddle	1
sadder	1
sacrifice	1
sacredness	1
sack	1
sable	1
sabbee	1
rustlings	1
rustiness	1
runs	1
runaway	1
rumor	1
ruling	1
rulers	1
"rule""--pointing"	1
ruggedness	1
rug	1
ruffles	1
rudeness	1
rubies	1
royalties	1
rowlocks	1
rowels	1
roving	1
routine	1
rout	1
roundness	1
rounding	1
rounder	1
roundabout	1
rot	1
"rose,""--rose"	1
roosting	1
roofs	1
rollings	1
rogues	1
rogue	1
rockings	1
rockets	1
rocket	1
robbers	1
roaring	1
rival	1
rituals	1
risks	1
risings	1
rising	1
rises	1
ript	1
rip	1
rioting	1
ringing	1
ringbolt	1
rigging--''for	1
rigadig	1
rifles	1
ribby	1
ribbons	1
rhyme	1
rhubarb	1
rhodes	1
revulsion	1
revolutions	1
reverberations	1
retracing	1
reticule	1
retention	1
retain	1
resurrections	1
restraint	1
restlessness	1
restless	1
responsibilities	1
responses	1
respond	1
respirations	1
resounds	1
resorting	1
resolves	1
resolve	1
residue	1
resident	1
reservoirs	1
reserve	1
reservation	1
resent	1
resemblances	1
requisition	1
repute	1
repulses	1
reproachfully	1
reproach	1
reprimand	1
reports	1
replacing	1
repetitions	1
repels	1
repeat	1
repartees	1
renown	1
rendering	1
remoter	1
remorse	1
remonstrating	1
remonstrances	1
remonstrance	1
remnant	1
reminiscence	1
remembrances	1
religionists	1
relievo	1
reliance	1
relatives	1
relations	1
relapses	1
rejection	1
reinforcement	1
regulations	1
regularity	1
regiments	1
regent	1
regardings	1
regarding	1
refuse	1
refugees	1
refrigerators	1
refill	1
referring	1
reelman	1
reefs	1
reefing	1
redolent	1
redeemed	1
recruit	1
recovers	1
records	1
recondite	1
recoil	1
recluseness	1
recluse	1
reckoning	1
reciprocating	1
reception	1
receptacle	1
receiving	1
recede	1
recall	1
rebels	1
reasonableness	1
rearward	1
reapers	1
realities	1
reading	1
read	1
ravines	1
ravens	1
ravening	1
rattling	1
rattler	1
rats	1
ratification	1
rates	1
rarities	1
rapture	1
rapt	1
rapscallions	1
rapidity	1
rank	1
ramparts	1
ramblings	1
rake	1
railways	1
railway	1
rails	1
railing	1
rage;--that	1
rafts	1
rafters	1
radiates	1
races	1
rabble	1
raal	1
quohogs	1
quoggy	1
quitting	1
quiescence	1
quicksand	1
questionings	1
quay	1
quarts	1
quarrel	1
quarantine	1
quaintness	1
quadrupeds	1
pyres	1
puzzle	1
purty	1
pursuit,--mere	1
purporting	1
purchasing	1
punctures	1
punches	1
puncheons	1
pulsations	1
pulls	1
pugilists	1
puddings	1
puddingers	1
publisher	1
pruning	1
provocation	1
provincials	1
provincialisms	1
provinces	1
prouder	1
protuberance	1
protrusion	1
prostration	1
prostrate	1
prose	1
propulsion	1
props	1
prophesies	1
prophecies	1
properties	1
proper	1
propellers	1
pronouncing	1
promptitude	1
promontories	1
promises	1
promise;--to	1
promenade	1
prolongings	1
projects	1
projections	1
project	1
programme	1
progenitors	1
profusion	1
profuse	1
profound	1
profiles	1
professors	1
production	1
proclamation	1
proceed.--now	1
probabilities	1
proas	1
privations	1
privation	1
privateers	1
prisoners	1
printing	1
print	1
principal	1
princess	1
primogenitures	1
primeval	1
primers	1
price	1
preternaturalness	1
presuming	1
press	1
presides	1
president	1
preservers	1
presentment	1
presentiments	1
prescription	1
prescient	1
prescience	1
preparatives	1
prehensile	1
pregnant	1
prefecture	1
preface	1
prediction	1
predicament	1
predecessors	1
predecessor	1
precipice	1
preciousness	1
precincts	1
precedents	1
precedence	1
precaution	1
preachin	1
preach	1
praises	1
practices	1
pox	1
powders	1
poverty	1
pound	1
pounce	1
pouch	1
pottery	1
potters	1
potion	1
potentates	1
potencies	1
potatoes	1
postman	1
possessions	1
possesses	1
posies	1
poser	1
portraits	1
portholes	1
porthole	1
porter	1
portent	1
portcullis	1
pore	1
porcupine	1
porches	1
populousness	1
pop	1
poop	1
pony	1
poniards	1
poniard	1
ponderosity	1
ponderings	1
ponchos	1
poncho	1
pomps	1
pomp	1
pomatum	1
politeness	1
polish	1
policemen	1
policeman	1
police	1
poker	1
plurality	1
plungings	1
plums	1
plumping	1
plummet--''out	1
plumes	1
plumed	1
plug	1
plough	1
plethoric	1
pledges	1
pleasantness	1
plazza	1
plaything	1
plaudits	1
platters	1
platform	1
plasters	1
plans	1
planisphere	1
planing	1
plaits	1
plaintiveness	1
plaid	1
plaguey	1
plagues	1
placing	1
placards	1
placard	1
pitchpoler	1
pitching	1
pitches	1
pitchers	1
pitcher	1
pistoles	1
pisces	1
pinny	1
pinnings	1
pinmoney	1
pincers	1
pillars	1
pillar	1
pill	1
pilgrims	1
piles	1
pile	1
pilau	1
piggledy	1
piggin	1
piety	1
piers	1
piercing	1
piercer	1
pier	1
pickles	1
physiologist	1
phrenology	1
phrenologist	1
phrases	1
phraseology	1
phosphorescence	1
phospher	1
phiz	1
philosophies	1
philanthropists	1
phenomena	1
phase	1
pettiness	1
petticoat	1
petition	1
pestilent	1
pester	1
pest	1
perusal	1
perturbation	1
pertains	1
persuasiveness	1
persuasions	1
persuasion	1
perspectives	1
perseverance	1
persecutor	1
persecutions	1
perpendicular	1
perishing,--an	1
perishing	1
periodicalness	1
perilousness	1
perfumery	1
performance	1
perception	1
perceptibility	1
pequod.--on	1
pennons	1
penniless	1
pennies	1
pennant	1
pendulum	1
pendants	1
penalties	1
pelvis	1
peltry	1
pelisse	1
peels	1
pedigree	1
pedestrians	1
pedestals	1
pedestal	1
peddling	1
peddlers	1
pebbles	1
peasants	1
pearls	1
peals	1
pealing	1
peaking	1
peacefulness	1
pea	1
pay	1
pauses	1
pauper	1
pattern	1
patron	1
patriot	1
paternity	1
patentees	1
patentee	1
patches	1
patch	1
pastiles	1
passports	1
passport	1
passiveness	1
passionlessness	1
passionateness	1
passing	1
passer	1
passant	1
passages	1
parvo	1
partnership	1
parting	1
particular	1
particles	1
partiality	1
parti	1
partaking	1
partake	1
parsley	1
parsee!--gone	1
parsee	1
parricide	1
parmacetti	1
parm	1
parlors	1
parks	1
parents	1
parent	1
paregoric	1
paralysis	1
parallels	1
pantomime	1
panting	1
panther	1
pantaloon	1
panoramas	1
panniers	1
panics	1
pang	1
panels	1
panellings	1
panel	1
pamphlets	1
paltry	1
palsy	1
palpableness	1
pallet	1
palisades	1
paler	1
palate	1
painters	1
painfulness	1
paine	1
pail	1
padlocks	1
padlock	1
packs	1
p	1
owest	1
overture	1
overswarm	1
overstocked	1
overspread	1
oversight	1
overshoes	1
overrun	1
overmuch	1
overhead	1
overgrowth	1
overflowing	1
overbearing	1
outworks	1
outwards	1
outspread	1
outlet	1
outlast	1
outlandishness	1
outfit	1
outcries	1
outburst	1
outblown	1
oust	1
ottomans	1
other--''jack	1
ostrich	1
orthodoxy	1
orphan	1
ornaments	1
ornament	1
ork	1
orisons	1
orientals	1
organizations	1
ordering	1
orchestra	1
orator	1
opulence	1
opposition	1
opportunities	1
opium	1
operator	1
operas	1
opera	1
opal	1
onsets	1
oneness	1
omnipresence	1
olmstead	1
ointment	1
oils	1
oh,--impiety	1
oftentimes	1
official	1
offer	1
offence	1
off	1
of	1
oders	1
oder	1
octavo	1
occupant	1
occult	1
obstinate	1
obstinacy	1
obstacle	1
observers	1
observance	1
obscurity	1
oblongs	1
oblong	1
obliquity	1
oblique	1
obituary	1
obeys	1
obervation	1
oats	1
oasis	1
oaken	1
nuts	1
nutmeg	1
nurseries	1
nurse	1
numbness	1
numberless	1
numbered:--i.	1
nowise	1
noways	1
notoriety	1
nothingness	1
notabilities	1
nosegays	1
northwest	1
northwards	1
nooses	1
nondescripts	1
nomine	1
nomenclature	1
noiselessness	1
nods	1
nobler	1
noblemen	1
nippers	1
nipper	1
ninetieth	1
nineteenth	1
nill	1
nieces	1
nick	1
newspaper	1
nett	1
nets	1
net	1
nests	1
nerve	1
nephew	1
neighbour	1
neighborhood	1
neighbor	1
negroes	1
negations	1
necessaries	1
neatness	1
ne''er	1
navigator	1
navigation	1
narrations	1
nappishness	1
napkin	1
nape	1
mystifications	1
mystic	1
"myself,""--he"	1
myrrh	1
muzzle	1
mutters	1
muttering	1
mutter	1
mutineers	1
mutes	1
mutations	1
must	1
museum	1
murdering	1
mummeries	1
multum	1
multitudes	1
mulberries	1
mugs	1
mug	1
muffledness	1
muffins	1
mud	1
muck	1
mss	1
mouth;[17	1
mounting	1
mountaineers	1
mount	1
motto	1
mother!--it	1
mossy	1
mortemizing	1
mortality	1
mortalities	1
mornings	1
more.--mr	1
more--	1
morbid	1
mop	1
moors	1
moor	1
moodiness	1
monuments	1
monsieurs	1
monopolizing	1
monks	1
monitions	1
mongrel	1
monarch	1
mollifier	1
moidores	1
mogulship	1
modifies	1
modifications	1
moderns	1
moderation	1
mockery	1
moccasin	1
moby	1
moaning	1
mizentop	1
mite	1
misty	1
mistress	1
mistiness	1
mistifying	1
mistaking	1
missive	1
mississippies	1
missionaries	1
mission	1
missing	1
missent	1
mishaps	1
misgrown	1
misgiving	1
misfortunes	1
misfortune	1
miser	1
miscreants	1
misbehavior	1
misanthrope	1
mirrors	1
mints	1
mint	1
ministry	1
minister	1
miniatures	1
miner	1
mindedness	1
mills	1
milling	1
milliner	1
miller	1
milkiness	1
militia	1
military	1
milestones	1
migrations	1
mightiest	1
midwinter	1
midwifery	1
midsummer	1
midship	1
midday	1
miasmas	1
metropolis	1
metres	1
methods	1
methodization	1
methinks	1
metempsychosis	1
messmates	1
merry	1
merrier	1
merman	1
mermaid	1
merits	1
merchants	1
merchant--	1
menial	1
membranes	1
melting	1
mediums	1
meditativeness	1
meditations	1
mediocrity	1
medicament	1
medals	1
medallions	1
medallion	1
medal	1
measuring	1
measurer	1
measureless	1
meanest	1
me?--on	1
maziness	1
mattrass	1
matter--''tis	1
mateship	1
mate,--who	1
mastodons	1
mastications	1
masthead	1
mastery	1
massacre	1
mason	1
masks	1
masculine	1
martyr	1
marshals	1
marrow	1
marlinspikes	1
"marlingspike--""that"	1
marlingspike	1
marline	1
marksmen	1
marketless	1
maritime	1
marine	1
marge	1
marchings	1
maples	1
maple	1
manuvres	1
manuvre	1
manufacturing	1
manufacturer	1
mansion	1
manliness	1
manipulator	1
manikin	1
manifesto	1
manifestation	1
mangrove	1
manes	1
mandible	1
managers	1
malefactors	1
makings	1
makers	1
mainyard	1
maim	1
mails	1
mail	1
maidens	1
magnificence	1
magnification	1
magnetizing	1
magnetism	1
magnanimity	1
magistrate	1
magician	1
magian	1
maggots	1
maddens	1
mackerel	1
machines	1
machinery	1
machine	1
mace	1
maccaroni	1
ma''am	1
lying	1
lurid	1
lurches	1
lungs!--ahab	1
lungless	1
lunges	1
lullaby	1
lull	1
luggers	1
lug	1
low	1
lovings	1
loving	1
lotus	1
lots	1
lotions	1
lotion	1
lord;--vishnoo	1
loose	1
loop	1
looker	1
look''st	1
longings	1
longevity	1
long	1
lonesomeness	1
loneliness	1
lone	1
loiters	1
loins	1
logs	1
loggerheads	1
logger	1
lodgings	1
locksmith	1
localness	1
locality	1
loan	1
loam	1
loaf	1
loading	1
lizard	1
liturgies	1
litter	1
literature	1
lists	1
listlessness	1
listener	1
liquor	1
liquid	1
lipless	1
lint	1
link	1
lingo	1
limping	1
limitless	1
limitations	1
limestone	1
lime	1
lily	1
likenesses	1
lightness	1
lighthouse	1
ligature	1
lifts	1
lift	1
life----	1
lieutenants	1
lieutenant	1
library	1
libraries	1
libertines	1
liberation	1
liars	1
liar	1
liability	1
liabilities	1
ley	1
lexicons	1
leviathan	1
levers	1
levels	1
lethargy	1
lessons	1
leper	1
leopards	1
leopard	1
lens	1
legislators	1
legerdemain	1
legends	1
legatees	1
leewardings	1
ledgers	1
lectures	1
leavings	1
leaving	1
leash	1
learning	1
leaps	1
leakage	1
leadership	1
laureate	1
launching	1
laughter	1
laughing	1
laudanum	1
lath	1
latch	1
lasso	1
lassitude	1
lasses	1
lashless	1
lash	1
largeness	1
larders	1
lap	1
languor	1
languages	1
langsdorff	1
lanes	1
landscapes	1
landing	1
lancet	1
lancers	1
lancer	1
lament	1
lamb	1
lakeman!--buffalo	1
lakeman	1
lain	1
ladle	1
ladders	1
lad!--i	1
lacpde	1
lack	1
lacings	1
laceration	1
lace	1
labor	1
knottiest	1
knocks	1
knockings	1
knockers	1
knobs	1
knob	1
knell	1
kneel	1
knaves	1
kinsmen	1
kingdoms	1
kingdom	1
kine	1
kindling	1
kiln	1
kills	1
killers	1
killer	1
kidnapping	1
kentledge	1
keg	1
keeper	1
keel.--on	1
kedger	1
justification	1
justice	1
jury	1
jurisprudence	1
jurisdiction	1
juniper	1
jungle	1
juices	1
jugglers	1
judgments	1
judging	1
jubilations	1
jub	1
joyousness	1
joy--	1
journeys	1
journeyman	1
"jonah--""and"	1
jolly	1
jokes	1
joiner	1
jiffy	1
jiff	1
jeweller	1
jettest	1
jerking	1
jelly	1
jeer	1
jealousy	1
javelin	1
jaundice	1
jars	1
jambs	1
jam	1
jails	1
jackasses	1
itch	1
it?--wait	1
issues	1
irreverence	1
irrespective	1
irresolution	1
irresistibleness	1
irregularity	1
irons!--hoist	1
ire	1
invoking	1
invocations	1
invocation	1
inveteracy	1
investment	1
investigators	1
investigator	1
investigation	1
inventors	1
inventor	1
invention	1
invasion	1
invariability	1
invaders	1
invader	1
introduction	1
intricacy	1
intrepidity	1
intolerableness	1
intimation	1
intimacy	1
intestines	1
intertwistings	1
intertwisting	1
interregnum	1
interpreters	1
intermixture	1
intermixed	1
intermission	1
interluding	1
interlacings	1
interlacing	1
intercourse	1
intercedings	1
inter	1
intents	1
intentions	1
intensities	1
intellectual	1
intellects	1
integument	1
integrity	1
insurances	1
instructions	1
instincts	1
instigation	1
inspection	1
insomuch	1
insider	1
inshore	1
insects	1
inscription	1
inquiries	1
inoffensiveness	1
inoffensive	1
innocents	1
innocency	1
innkeeper	1
inn:--peter	1
inlayings	1
inlanders	1
inlander	1
inkstand	1
inkling	1
ink	1
injunctions	1
initials	1
inions	1
inhuman	1
inheritor	1
inhabitiveness	1
infliction	1
inflexibility	1
infirmity	1
infinity	1
infidelities	1
inferiors	1
inferences	1
infatuation	1
infantileness	1
infant	1
inexperience	1
inequality	1
indulging	1
inducements	1
indolent	1
indolence	1
individualities	1
indistinctness	1
indispensableness	1
indiscretions	1
indignations	1
indigestion	1
independence	1
indefiniteness	1
incumbrance	1
incrustations	1
incrustation	1
incongruity	1
incompetency	1
incompetence	1
incoherences	1
inclination	1
inclement	1
incidents	1
incarnations	1
inattention	1
inability	1
impurities	1
impunity	1
impulse	1
impudence	1
imps	1
improvement	1
imprecations	1
impotence	1
impossibility	1
importunity	1
impiousness	1
impetuousness	1
impediments	1
imp	1
immutableness	1
immortals	1
imminglings	1
immensity	1
imbecility	1
imaginations	1
illumination	1
ills	1
illness	1
ile	1
ignoramus	1
ignominy	1
ignition	1
idolators	1
idler	1
idle	1
idiom	1
ideality	1
ideal	1
iciness	1
icicle	1
icebergs	1
ibis	1
hypos	1
hypocrisies	1
hypo	1
hymns	1
hydrophobia	1
hydrants	1
huzzar	1
hustings	1
husks	1
hushed	1
hush	1
hurler	1
hunts	1
hunger	1
hunch	1
humps	1
humorists	1
humiliation	1
humanities	1
hugest	1
hugeness	1
huff	1
howls	1
howlings	1
howdah	1
hovers	1
housewives	1
houseless	1
housekeeping	1
housekeepers	1
hotels	1
hostility	1
hospitalities	1
horseback	1
horrify	1
horribles	1
hornpipe	1
horizontal	1
horizons	1
hootings	1
hoop	1
hooking	1
hoo	1
honour	1
honorableness	1
honeymoon	1
honeycombs	1
honeycomb	1
honesty	1
hones	1
hone	1
hominum	1
homes	1
holiness	1
holies	1
hole:--all	1
holding	1
holders	1
hoisting	1
hoisters	1
hogsheads	1
hogshead	1
hob	1
hoary	1
hoar	1
ho	1
hits	1
historians	1
hissing	1
hiss	1
hippogriff	1
hintings	1
hindmost	1
hinder	1
hind	1
hillock	1
hilarity	1
hies	1
hide	1
hickory	1
herrings	1
herons	1
hereditary	1
hereby	1
hereafters	1
herding	1
heralding	1
her	1
hems	1
hempen	1
hemlock	1
hemisphere	1
hem	1
helter	1
"helm--""gripe"	1
helm!--brace	1
heliotrope	1
heinousness	1
heights	1
heigh	1
hee	1
heaviness	1
heathens	1
heathen	1
heartedness	1
heart,--beats	1
heart!--stave	1
hears	1
heard,--	1
headwaters	1
headlong	1
headless	1
headlands	1
headers	1
he--''he	1
hazy	1
hazards	1
hawsers	1
hawser	1
havens	1
hav''n''t	1
hausers	1
haters	1
hater	1
hatchings	1
hastening	1
harvesting	1
harpstring	1
harpoonwise	1
"harpoons""--but"	1
harpooneer.--i	1
harness	1
harmony	1
harlot	1
harems	1
hare	1
hardness	1
hardihood	1
haphazard	1
hangs	1
hangings	1
handling	1
handicrafts	1
hammocks	1
hamlets	1
ham	1
halters	1
halter	1
halt	1
hallucination	1
halloo	1
hallo	1
hails	1
hags	1
hag	1
hacking	1
habitudes	1
habitude	1
habituation	1
habergeon	1
ha	1
gunpowder	1
gullies	1
gulfs	1
guineas	1
guiltiness	1
gudgeons	1
gudgeon	1
guarding	1
guardian	1
guarantees	1
guarantee	1
grubworm	1
growl	1
groups	1
groupings	1
grotesqueness	1
gropes	1
groove	1
groin	1
grog	1
grocers	1
grizzly	1
gripe	1
grinning	1
grimly	1
griffins	1
griffin	1
grievances	1
greyhounds	1
greyhound	1
greybeards	1
grego	1
greenish	1
greener	1
green!--then	1
grease	1
graves	1
gratitude	1
grasshopper	1
grasses	1
gras	1
grant	1
grandmother	1
grandissimus	1
grandiloquent	1
grand	1
grampus	1
grammar	1
grains	1
graduates	1
gradations	1
graces	1
graceful	1
grab	1
gowns	1
gown	1
government	1
gout	1
gospel	1
gorings	1
goose	1
goods	1
goney	1
gone?--gone	1
goggling	1
godhead	1
goddess	1
goats	1
goadings	1
gnomon	1
gnashing	1
gluepots	1
gloves	1
gloss	1
gloating	1
glitters	1
glimmering	1
gliding	1
glides	1
glide	1
glen	1
glee	1
gleamings	1
gleam	1
glazier	1
glassy	1
glarings	1
glacier	1
gizzard	1
giving	1
giraffe	1
gill	1
gifts	1
giant	1
ghastliness	1
gesture	1
gestation	1
germs	1
geometry	1
geologist	1
genus	1
genuineness	1
gentler	1
"gentlemen""--very"	1
geniuses	1
generalizing	1
genera	1
genealogy	1
gem	1
gazettes	1
gazers	1
gazer	1
gayer	1
gathering	1
gateways	1
gaspings	1
garters	1
garter	1
garrison	1
garments	1
gardening	1
gape	1
gap	1
ganges	1
gang	1
gamesome	1
galliots	1
galley	1
gale.--it	1
gainsaid	1
gains	1
gag	1
gaffs	1
futures	1
fusee	1
furs	1
furrow	1
fur	1
fungi	1
fundamentals	1
functionary	1
function	1
fumes	1
fullers	1
fulfilment	1
fulfiller	1
fry	1
fruits	1
fruition	1
frontispiece	1
frontiers	1
frontier	1
frolic	1
frogs	1
frock.--ahab	1
fringing	1
frights	1
friendliness	1
friction	1
freshness	1
fresher	1
frequency	1
frenzy	1
frenzies	1
frenchmen	1
freight	1
freezing	1
freewill	1
freebooters	1
freckles	1
fray	1
frankincense	1
framework	1
frames	1
frail	1
fragrance	1
fowls;--though	1
fours	1
foundling	1
foulness	1
foster	1
fossil	1
fortune	1
forts	1
fortifications	1
forthwith	1
forswears	1
fornication	1
forlornness	1
forging	1
forgetfulness	1
forges	1
forger	1
forfeitures	1
forewarnings	1
foreseeing	1
foresail	1
foreground	1
foregoing	1
forefinger	1
forecastles	1
forecast	1
forbids	1
forbade	1
footstep	1
footpads	1
footmanism	1
footman	1
foothold	1
footfall	1
following	1
folding	1
folder	1
fold	1
foibles	1
fogs	1
focus	1
fobbing	1
foal	1
flyin	1
flush	1
flume	1
flues	1
flowering	1
flouts	1
flourishings	1
flourishin	1
flour	1
flounders	1
floods	1
flood;--and	1
floes	1
flock	1
floats	1
flints	1
flinging	1
flingers	1
flickering	1
flexions	1
flexion	1
flexibility	1
fleshy	1
fleeces	1
fleece	1
flaw	1
flasks	1
flashings	1
flannel	1
flake	1
flailings	1
flail	1
flags	1
fixture	1
fittings	1
fitness	1
fists	1
fissures	1
fishery,--the	1
fish!--aloft	1
firmest	1
firmaments	1
firma	1
firkins	1
fireside	1
fireplace	1
fire;--but	1
finish	1
"finger--""think"	1
fine	1
filling	1
filers	1
filaments	1
fifties	1
fifth	1
fiercer	1
fierceness	1
fidelities	1
fiddler	1
fickleness	1
few:--the	1
feud	1
fetor	1
fetching	1
festoons	1
festivities	1
festival	1
fertility	1
ferociousness	1
ferns	1
fencing	1
fencer	1
fence	1
fellows!--ha	1
felicities	1
feints	1
feebler	1
fee	1
fed	1
feats	1
fearless	1
favorites	1
fatness	1
fatherless	1
father!--chiefly	1
fatalities	1
fatalists	1
fasting	1
fastenings	1
fastener	1
fashionables	1
fasces	1
farthingale	1
farrago	1
farmers	1
farmer	1
farings	1
farewell	1
fares	1
farces	1
fantasy	1
fanning	1
fang	1
fancying	1
fanatics	1
fanatic	1
familiarity	1
faintness	1
fagot	1
fades	1
fadeless	1
faculties	1
factories	1
faction	1
facility	1
facetiousness	1
fac	1
f	1
eyelids	1
eyelashes	1
eyeing	1
"exultingly--""but"	1
exultation	1
extremes	1
extravaganzas	1
extras	1
extermination	1
extension	1
expostulations	1
exposes	1
explosion	1
explanation	1
expertness	1
experiments	1
expenses	1
expedition	1
expediency	1
expansiveness	1
expanses	1
expand	1
exotic	1
exordium	1
exile	1
exertions	1
exert	1
exercises	1
exegetists	1
exegetist	1
executor	1
executioner	1
execrations	1
excursion	1
exclusion	1
"exclaimed--""almost"	1
excitements	1
excavation	1
exasperations	1
examination	1
exactness	1
exactitude	1
ex	1
evolutions	1
evolution	1
everyway	1
everythings	1
events,--as	1
evangelists	1
evanescence	1
eulogy	1
ether	1
eternam	1
etchings	1
et	1
estate	1
establishment	1
essences	1
escapes	1
escaped	1
eruption	1
erudition	1
erroneous	1
errantism	1
ermine	1
ergo	1
equity	1
equanimity	1
equal	1
epitaphs	1
episode	1
envy	1
envoy	1
envelop	1
entrenchments	1
entreaty	1
entreat	1
entrails	1
entombment	1
enticings	1
"enthusiasm,--""but"	1
entertainment	1
enterprises	1
entablatures	1
enjoyments	1
engineering	1
engine	1
enfoldings	1
energies	1
endure	1
endurance	1
endlessness	1
endearments	1
enchantment	1
enchanter	1
enactment	1
emulation	1
emptyhandedness	1
emprise	1
employments	1
empires	1
emoluments	1
emigrant	1
emblem	1
embellishments	1
embarks	1
elves	1
elks	1
elevations	1
elevation	1
electricity	1
election	1
elders	1
elbow	1
elaboration	1
ejaculation	1
eider	1
eggs	1
efficiency	1
eels	1
education	1
edifices	1
edict	1
eddyings	1
ecliptics	1
echoes	1
ebonness	1
ebon	1
eavesdroppers	1
eaves	1
eave	1
eastwards	1
eastward	1
dyspepsias	1
dwells	1
dwelling	1
durst	1
durability	1
duplicates	1
duplicate	1
duodecimoes	1
dung	1
dumpling	1
dumbest	1
duke	1
dug	1
duff	1
duels	1
duellist	1
ducks	1
duck	1
ducat	1
drunkard	1
drumsticks	1
drums	1
druggs	1
druggists	1
druggist	1
drug	1
drowsy	1
drowsiness	1
drown	1
droves	1
dropt	1
droopings	1
drivers	1
drippings	1
drink	1
drifts	1
driftings	1
drifting	1
dribbles	1
dress	1
drenching	1
dreary	1
dreamt	1
drawbacks	1
draughtsmen	1
dramatist	1
drain	1
dragons	1
drag	1
draft	1
drab	1
dozen	1
dowers	1
douse	1
doubling	1
dotings	1
dorsal	1
dood	1
don;--but	1
domineerings	1
domes	1
doltish	1
dogger	1
doctor	1
dock	1
do?--all	1
divisions	1
division	1
divinity	1
divings	1
diving	1
dividends	1
divide	1
dives	1
diver	1
ditto	1
ditches	1
ditchers	1
distraction	1
distortions	1
dissolutions	1
dissertations	1
dissent	1
dissembling	1
dissection	1
dissatisfaction	1
disquietude	1
disputes	1
display	1
disorders	1
disorderliness	1
disorder	1
dismissal	1
dismemberment	1
dismemberer	1
dislocation	1
dislike	1
disks	1
dishonor	1
disguises	1
disguisement	1
disguise	1
disembowelments	1
disease	1
discrimination	1
discoveries	1
discoverers	1
discourse	1
discomforts	1
discipline	1
discharges	1
discharge	1
discerns	1
disbelief	1
disaffection	1
disadvantage	1
dirge	1
dippers	1
dinnerless	1
dining	1
diminish	1
diligence	1
digesting	1
digester	1
differences	1
differ	1
diet--	1
dictionary	1
dictionaries	1
dictatorship	1
dick	1
diadem	1
diaboli	1
dexterities	1
devotees	1
devotee	1
devilishness	1
deviations	1
developments	1
determination	1
determinate	1
detects	1
destroyer	1
destinations	1
despot	1
desperation	1
desperado	1
desolateness	1
desks	1
designation	1
deserts	1
descendants	1
"derision;--""immortal"	1
deputation	1
deprecatory	1
deny	1
denunciations	1
dentists	1
denizens	1
denizen	1
denials	1
demselves	1
demonstrations	1
demonisms	1
demonism	1
democrat	1
demigorgon	1
demigods	1
demigod	1
demi	1
demeanor	1
demands	1
delusions	1
deluge	1
deliverer	1
deliriums	1
delights	1
deformity	1
deformities	1
defiles	1
deficiencies	1
defence	1
defection	1
deduction	1
dedication	1
decrees	1
decoration	1
decoction	1
declines	1
decline	1
declare	1
deck:--where	1
decency	1
deceiving	1
decapitation	1
decanting	1
decanter	1
debtor	1
deaths	1
deadliness	1
deacon	1
dauntlessness	1
date	1
dat	1
dashes	1
darkey	1
darbies	1
dandy	1
dandies	1
dance	1
damsels	1
dampness	1
damage	1
dalliance	1
dale	1
daintiness	1
dagger	1
dad	1
dabs	1
czarship	1
czar	1
cyphers	1
cypher	1
cylinders	1
cycloid	1
cxii	1
cuvier	1
cuts	1
cutlets	1
cutlet	1
cutlery	1
cutlass	1
curving	1
curvicues	1
curves	1
curve	1
curtains	1
cursings	1
cursing	1
curses;--when	1
current	1
curls	1
curiousness	1
curios	1
cure	1
curdling	1
curb	1
cuffs	1
cudgelling	1
cucumbers	1
cubic	1
crystalline	1
"cry--""stand"	1
crutch	1
crusts	1
crush	1
crusader	1
crunching	1
crumb	1
cruiser	1
crucifixion	1
crucifix	1
crucible	1
crowing	1
crowbars	1
crouches	1
crotchets	1
crosses	1
crop	1
crony	1
crockery	1
"critters:""--"	1
critics	1
criticism	1
criterion	1
crim	1
crick	1
"crew--""it"	1
"crew--""are"	1
crescent	1
creeds	1
creed	1
credulities	1
creditors	1
creditor	1
credit	1
creativeness	1
creations	1
creak	1
crawl	1
craters	1
crappo	1
crape	1
crannies	1
cranium	1
crags	1
craggy	1
cradle	1
cracks!--''tis	1
cracks	1
crackers	1
crab	1
cozzening	1
coyings	1
cow	1
coves	1
coverlid	1
cove	1
courts	1
court	1
couriers	1
courageousness	1
couples	1
county	1
countrymen	1
countryman	1
counties	1
countersinking	1
counters	1
counterpoise	1
counterfeit	1
counsels	1
counsellors	1
couldst	1
cougar	1
costume	1
costermongers	1
corsairs	1
corruption	1
corridors	1
correspondence	1
corpses	1
corporeal	1
coronations	1
corkscrew	1
core	1
corals	1
coral	1
coppers	1
copies	1
cope	1
cooler	1
cooks	1
convolutions	1
convicts	1
convictions	1
convict	1
conveys	1
conveyance	1
convent	1
convalescence	1
contusions	1
controversies	1
controls	1
contributes	1
contrasting	1
contradiction	1
contracts	1
contraband	1
continuation	1
contingencies	1
contiguity	1
contemplations	1
construction	1
constraint	1
constrainings	1
constituents	1
consternations	1
constellations	1
consort	1
consolation	1
consistency	1
conservatories	1
consequent	1
consent	1
consciences	1
conquering	1
connexions	1
connecting	1
conjunctures	1
conjectures	1
congeniality	1
congenialities	1
conflicts	1
conflict	1
conflagrations	1
conflagration	1
confirmation	1
confines	1
confession	1
confederate	1
confabulations	1
cones	1
conduits	1
conductor	1
condor	1
condescending	1
condensation	1
concussions	1
concussion	1
concerns	1
concernments	1
conceptions	1
concentric	1
concentrations	1
concentration	1
concentrating	1
conceals	1
compunctions	1
compound	1
compliment	1
complies	1
compliance	1
compilations	1
competent	1
competency	1
compassion	1
compact	1
community	1
communities	1
communion	1
communications	1
commotions	1
commons	1
commonalty	1
commodores	1
commodore	1
commenting	1
commentator	1
commands	1
commandment	1
commanding	1
comforts	1
comforter	1
comfortableness	1
comfortable	1
comets	1
comet	1
comedies	1
combination	1
comber	1
colorless	1
colony	1
colonnades	1
collonades	1
collision	1
collegians	1
colleges	1
college	1
collateral	1
colic	1
colds	1
coincidings	1
coincident	1
coiling	1
cohorts	1
cogent	1
coffin?--spouter?--rather	1
coffer	1
cocoanut	1
cockpits	1
cobweb	1
cobs	1
cobbling	1
cobbler	1
cob	1
coats!--monsieurs	1
coating	1
"coast--""corrupt"	1
coalescing	1
coaches	1
co	1
clutches	1
clutch	1
clung	1
clubs	1
cloves	1
clover	1
cloths	1
closeness	1
cloak	1
clinking	1
clingings	1
clime	1
climbs	1
climax	1
climate	1
clews	1
clergyman	1
clefts	1
cleft	1
cleets	1
cleats	1
clearness	1
clearings	1
claws	1
clasp	1
claret	1
clappings	1
clanging	1
clan	1
clamor	1
claims	1
claim	1
civilization	1
civility	1
citron	1
citation	1
citadels	1
citadel	1
cisterns	1
circumvention	1
circumspection	1
circumnavigations	1
circumferences	1
circulation	1
circulates	1
circulars	1
circuit	1
cipher	1
cinnamon	1
cinders	1
cigar	1
chums	1
chuckle	1
chronometer	1
chronicles	1
christians	1
christenings	1
chop	1
chirography	1
chinks	1
chill	1
childlessness	1
chiefly	1
chickens	1
chess	1
chemistry	1
cheeseries	1
cheerfulness	1
chastisements	1
chasm	1
charnel	1
charms	1
chargers	1
charcoal	1
characters	1
characterizing	1
chapters:--i.	1
chapels	1
changeless	1
chancery	1
champollion	1
champions	1
chambermaid	1
chalices	1
chace	1
cetacean	1
cervantes	1
certainties	1
ceremonies	1
ceremonial	1
centres	1
centrepiece	1
centralization	1
centipede	1
cent	1
cenotaphs	1
cell	1
celebrity	1
celebration	1
cavities	1
caves	1
cavern	1
cavaliers	1
caulking	1
cats	1
caterpillar	1
catcher	1
catacombs	1
castle	1
caster	1
cassock	1
casement	1
cartridge	1
cartloads	1
cartload	1
cart	1
carpets	1
carnation	1
carlines	1
cargoes	1
carelessness	1
careens	1
cardinals	1
carcass	1
carcases	1
caravan	1
car	1
captors	1
captive	1
capstans	1
capsizings	1
caprices	1
caper	1
canting	1
canticle	1
canonicals	1
cannikin	1
cannibalism	1
candies	1
candidates	1
candelabra	1
canals	1
canakin	1
campaign	1
camel	1
cambrics	1
calomel	1
callings	1
callao	1
calamities	1
caking	1
cabins	1
cabinets	1
cabalistics	1
bystanders	1
buttress	1
butterless	1
butteries	1
butterflies	1
butcher	1
busts	1
bushel	1
bury	1
burrower	1
burning	1
buries	1
burglaries	1
burghers	1
burgher	1
bunting	1
bunks	1
bunk	1
bundling	1
bumps	1
bumpers	1
bump	1
bullocks	1
bullets	1
bulky	1
bulks	1
bulbs	1
bulb	1
building	1
builder	1
bugbear	1
budding	1
bucks	1
bucklers	1
brutes	1
brushwood	1
brunt	1
bruise	1
brotherhood	1
brooks	1
brood;--all	1
brood	1
britons	1
bristling	1
brisson	1
brimmers	1
brilliance	1
bright	1
briefly	1
bridle	1
brides	1
bridegrooms	1
bridegroom	1
bridals	1
bricks	1
brewery	1
brevity	1
brevet	1
breezing	1
breezelessness	1
breezeless	1
breeds	1
breathless	1
breasts	1
breadfruit	1
breaching	1
breaches	1
brazen	1
brawlers	1
braves	1
braver	1
brave	1
bravadoes	1
brats	1
branding	1
braining	1
brain!--mockery	1
brags	1
bracing	1
boxing	1
bowsmen	1
bowling	1
bowline	1
bowings	1
bowel	1
bout	1
bounties	1
bounding	1
bounder	1
bough	1
bore	1
boozy	1
boon	1
booms	1
bookbinder	1
boobies	1
bondsman	1
bombazine	1
bomb	1
bolstering	1
bodices	1
boatswain	1
boatmen	1
boards	1
board!--lower	1
boa	1
blusterer	1
blundering	1
blueness	1
blossoms	1
blossom	1
bloodshot	1
bloodshed	1
blooded	1
blockhead	1
blithe	1
blisters	1
blindest	1
blight	1
blessing	1
blent	1
blending	1
blend	1
bleeds	1
bleeding	1
bleakness	1
blazes	1
blasts	1
blanks	1
blankets	1
blanketing	1
blandness	1
bladders	1
bladder	1
blackish	1
bivouacks	1
bitts	1
bitters	1
bitterness	1
bitterer	1
bisons	1
bishop	1
bipeds	1
bigotry	1
bigot	1
bigamist	1
bids	1
bewitching	1
beware	1
beverage	1
betwisk	1
betters	1
betokening	1
bestowal	1
beset	1
berths	1
berg	1
bent	1
benignity	1
benevolent	1
benevolence	1
bellows	1
believers	1
belaying	1
beholder	1
behind;--i	1
beheading	1
behavior	1
behalf	1
begrimed	1
beginner	1
beget	1
begat	1
beehive	1
beech	1
bedwards	1
bedsteads	1
bedroom	1
beaters	1
beater	1
bearings	1
beaker	1
bayonets	1
battles	1
batteries	1
bats	1
baton	1
bathe	1
bat	1
bastions	1
basso	1
bass	1
baskets	1
basin	1
bashfulness	1
baser	1
bars	1
barriers	1
barques	1
baron	1
barometer	1
barnacle	1
barges	1
bargain	1
barber	1
baptismal	1
baptism	1
banterings	1
bantering	1
bantam	1
banqueter	1
bannisters	1
banner	1
bankers	1
banker	1
banister	1
bandbox	1
bandages	1
bamboo	1
ballroom	1
balloon	1
ballast	1
baling	1
bald	1
bakers	1
bake	1
bait	1
bailiff	1
bailer	1
bags	1
bagging	1
bag,--no	1
badger	1
backstays	1
bachelors	1
babyish	1
baboon	1
babes	1
babbling	1
azores	1
azimuth	1
axles	1
awls	1
avenger	1
avail	1
auxiliary	1
autumn	1
automaton	1
auspices	1
aunts	1
auction	1
attribute	1
attraction	1
attic	1
attestation	1
attest	1
attar	1
atom	1
atmospheres	1
athwartships	1
atheism	1
asylum	1
asunder	1
astronomers	1
assurance	1
assumption	1
associates	1
assistants	1
assistance	1
assignment	1
asses	1
assert	1
assembly	1
assassins	1
aspiring	1
aspirations	1
asphaltites	1
aspersion	1
asleep	1
askance	1
asiatics	1
ascriptions	1
artists	1
artisan	1
artificialness	1
arrogance	1
arrant	1
arpens	1
aromas	1
"arm--""is"	1
"arm--""god"	1
arm''d	1
arion	1
arid	1
arguing	1
argosy	1
archologists	1
architecture	1
archiepiscopacy	1
archbishoprick	1
archbishop	1
archangels	1
arch	1
arbors	1
aptitudes	1
aptitude	1
apron	1
apricot	1
approval	1
appointments	1
appliance	1
appendage	1
appellations	1
appeals	1
appeal	1
apparel	1
apparatus	1
appal	1
apotheosis	1
apothecary	1
apex	1
apertures	1
apeak	1
aorta	1
anyways	1
anxieties	1
anus	1
ants	1
antlers	1
antilles	1
antidote	1
antics	1
antemosaic	1
antelope	1
antecedent	1
annuitants	1
ankles	1
animosity	1
animation	1
andirons	1
ancles	1
ancestress	1
ancestors	1
anathemas	1
analysis	1
analogies	1
anacondas	1
anaconda	1
amputations	1
amputation	1
amours	1
amber	1
amain	1
alpine	1
allurings	1
allurements	1
allowances	1
alleys	1
allegory	1
allegiance	1
alive:--aries	1
aliment	1
aliens	1
alexanders	1
alewives	1
albatrosses	1
aisle	1
airth	1
aides	1
aid	1
ahab!--shudder	1
agonies	1
aghast	1
aggregations	1
aggregation	1
againe	1
afternoons	1
afoam	1
affrights	1
afflictions	1
affinities	1
affidavit	1
advent	1
advantages	1
adulterer	1
adroop	1
adornment	1
adoption	1
adolescence	1
admonitory	1
admonitions	1
admirers	1
admirer	1
admire	1
admeasurement	1
adios	1
adieux	1
adhesiveness	1
address	1
acuteness	1
acridness	1
acquiescence	1
acerbities	1
accountants	1
accomplishment	1
accommodation	1
accessory	1
abstraction	1
abstract	1
abstinence	1
absent	1
abortions	1
abortion	1
aboriginalness	1
abomination	1
ability	1
abhorrence	1
abeam	1
abbreviation	1
abatement	1
abasement	1
aback	1
a''shiver;--out	1
a	1
31st	1
275th	1
200th	1
1st	1
16th	1
.	1
--life	1
