unigram	frequency
whale	1106
one	911
now	783
like	646
man	478
sea	453
old	449
ship	439
ahab	436
ye	430
will	388
though	383
yet	345
head	344
time	334
long	334
still	312
captain	308
great	306
two	298
boat	296
must	283
seemed	283
white	281
last	277
way	270
see	269
whales	268
little	249
round	244
three	244
sperm	243
say	241
men	240
may	239
first	235
stubb	233
every	232
well	228
us	228
queequeg	225
much	223
good	216
hand	211
side	210
never	206
ever	205
look	201
deck	196
almost	195
go	194
water	192
even	191
thing	188
away	183
might	183
starbuck	178
made	178
come	177
day	176
chapter	176
sir	175
life	169
among	167
far	166
many	166
seen	165
back	165
fish	164
world	159
line	159
eyes	156
without	156
cried	155
oh	155
sort	152
aye	151
right	150
thought	150
know	149
part	149
night	146
boats	145
air	143
crew	137
whole	137
half	137
take	136
god	136
let	135
tell	135
things	132
whaling	131
mast	130
hands	130
came	130
soon	129
small	128
feet	127
pequod	124
till	123
full	123
something	123
think	121
just	117
called	116
found	115
place	115
nothing	114
towards	114
poor	114
another	113
saw	113
times	113
make	112
heard	110
along	110
high	108
stand	107
body	107
sight	105
sail	103
voyage	103
moment	101
new	100
flask	100
end	100
strange	98
hold	98
sun	98
went	97
shall	96
nantucket	96
get	95
however	95
face	95
dead	93
leviathan	92
oil	91
heart	91
whether	91
black	91
stood	90
also	90
death	89
indeed	89
leg	89
certain	89
perhaps	89
heads	88
going	88
eye	88
whose	87
arm	87
seems	87
iron	87
seas	87
ships	87
true	87
sometimes	87
give	86
matter	86
wild	84
seem	84
cabin	84
hard	83
years	83
standing	82
moby	82
light	81
tail	81
mind	81
dick	81
soul	81
present	80
known	80
always	80
land	80
young	80
ere	79
fire	79
large	79
within	79
harpooneer	78
sailor	78
length	78
lay	78
open	77
enough	76
least	76
ocean	76
days	76
word	76
set	76
beneath	76
harpoon	75
instant	75
bed	75
done	74
bildad	74
board	74
four	74
morning	73
vast	73
put	73
living	73
rather	72
often	72
yes	72
point	72
case	72
jonah	72
near	70
peleg	70
looking	70
deep	70
wind	69
top	69
keep	69
whalemen	69
general	69
name	69
business	68
waters	68
mate	67
pip	67
left	67
therefore	67
turned	66
best	65
work	65
fishery	65
since	65
together	64
reason	64
order	64
lower	64
lord	64
looked	64
fast	63
hear	63
aloft	62
blood	62
mr	62
spout	62
better	62
mouth	61
short	60
live	60
second	59
book	59
fine	59
gone	59
chase	59
turn	58
boy	58
dark	58
watch	58
jaw	58
broad	58
room	57
feel	57
peculiar	56
find	56
home	56
king	56
main	56
close	56
rope	56
next	56
ivory	56
mark	56
call	55
harpooneers	55
bottom	55
goes	55
entire	55
grand	54
tashtego	54
curious	54
ground	54
run	54
green	54
coming	54
try	54
less	53
cut	53
comes	53
turning	53
taking	53
began	53
bone	53
forth	52
slowly	52
forward	52
craft	52
stern	52
speak	52
savage	52
indian	52
sharks	51
taken	51
thousand	51
rest	51
coffin	51
cook	51
nevertheless	50
wide	50
hundred	50
devil	50
broken	50
behind	50
suddenly	50
besides	50
english	49
particular	49
took	49
teeth	49
story	49
common	49
struck	49
bones	49
view	49
voice	48
waves	48
vessel	48
fellow	48
bows	48
pull	48
sailors	48
used	48
lost	48
ten	48
several	47
mighty	47
kept	47
quarter	47
else	46
fact	46
touching	46
sure	46
whatever	46
running	46
blue	46
sleep	46
says	46
chance	46
got	46
heaven	46
told	46
caught	45
lance	45
making	45
door	45
hole	45
mine	45
sat	45
straight	45
form	45
somehow	44
sails	44
queer	44
house	44
nigh	44
noble	44
means	44
especially	44
five	44
bow	44
sharp	43
anything	43
monster	43
rolled	43
knew	43
seamen	43
earth	43
sudden	43
surface	42
stranger	42
mere	42
wondrous	42
coast	42
carpenter	42
passed	42
alone	41
felt	41
brow	41
parts	41
calm	41
sound	41
clear	41
hours	41
quite	41
course	41
hat	40
ready	40
saying	40
cape	40
pipe	40
quick	40
around	40
mortal	40
people	40
gold	40
red	40
hour	40
wake	40
either	40
nature	40
purpose	40
concerning	40
object	39
forecastle	39
single	39
cry	39
mass	39
mates	39
distance	39
oars	39
makes	39
plainly	39
de	39
mean	39
art	39
brought	38
gave	38
plain	38
sailed	38
manner	38
easy	38
leaving	38
creature	38
fixed	38
darted	38
gentlemen	38
others	38
help	38
various	38
power	38
low	38
holding	37
chief	37
seeing	37
steelkilt	37
shot	37
suppose	37
famous	37
ha	37
bulwarks	37
table	37
whaleman	37
human	37
aspect	37
held	37
daggoo	37
cutting	37
arms	37
placed	37
middle	37
heavy	37
greenland	37
lines	37
flukes	37
skin	37
bear	36
legs	36
unknown	36
wood	36
use	36
town	36
wonder	36
fell	36
born	36
strong	36
given	36
natural	36
ago	36
truth	36
sky	36
brain	36
mad	36
boys	36
sign	36
weather	35
killed	35
rose	35
turns	35
forehead	35
helm	35
loose	35
previous	35
rolling	35
thoughts	34
skeleton	34
foot	34
nearly	34
rigging	34
sailing	34
creatures	34
ashore	34
remained	34
spring	34
pacific	34
passage	34
twenty	34
american	34
fin	34
start	34
account	34
none	34
blubber	34
hope	34
island	33
steel	33
kill	33
idea	33
fifty	33
hardly	33
fair	33
company	33
fear	33
hammock	33
want	33
completely	33
forty	33
drawing	33
third	33
bulk	32
free	32
strike	32
stop	32
intervals	32
doubt	32
nose	32
fresh	32
visible	32
aft	32
miles	32
already	32
darkness	32
landlord	32
storm	32
show	32
proper	32
hence	32
jet	32
harpoons	32
six	31
planks	31
woe	31
cold	31
generally	31
substance	31
hull	31
instances	31
works	31
rising	31
across	31
tossed	31
battle	31
except	31
knife	31
soft	31
species	31
pass	31
upper	31
cast	30
flying	30
vain	30
smoke	30
touch	30
jaws	30
late	30
carried	30
suspended	30
horn	30
supper	30
hammer	30
hung	30
swimming	30
bound	30
considering	30
pointed	30
possibly	30
really	30
hoisted	30
possible	30
thunder	30
die	30
huge	30
act	29
royal	29
snow	29
sideways	29
certainly	29
pretty	29
stands	29
lamp	29
steady	29
play	29
aside	29
question	29
altogether	29
ice	29
leeward	29
final	29
unless	29
strangely	29
entirely	29
mariners	29
south	29
words	29
astern	29
glance	28
hunters	28
oar	28
hearts	28
knows	28
state	28
mild	28
pole	28
gale	28
gods	28
feeling	28
scene	28
thinking	28
coat	28
ancient	28
sides	28
become	28
shipmates	28
yards	28
meanwhile	28
command	28
st	28
leaning	28
giving	28
whiteness	27
hump	27
keel	27
lightning	27
wooden	27
eight	27
finally	27
read	27
alongside	27
lie	27
wholly	27
believe	27
shark	27
kind	27
ahead	27
cruising	27
thick	27
started	27
thirty	27
precisely	27
overboard	27
eyeing	27
somewhat	27
ho	27
seated	27
midnight	27
alive	27
looks	27
bit	27
circumstance	26
dutch	26
degree	26
received	26
otherwise	26
considerable	26
dropped	26
sweet	26
chest	26
hair	26
masts	26
silent	26
horse	26
fancy	26
port	26
ears	26
floating	26
according	26
blow	26
circumstances	26
enormous	26
getting	26
pilot	26
followed	26
bodily	26
vessels	26
drawn	26
friend	26
nay	26
seldom	25
thrown	25
fedallah	25
sword	25
beat	25
carry	25
answer	25
learned	25
duty	25
different	25
number	25
takes	25
spread	25
added	25
bearing	25
fishermen	25
hinted	25
cases	25
skull	25
similar	25
interval	25
dart	25
person	25
front	25
bright	25
drop	25
watery	25
talk	25
shore	25
complete	25
instead	24
following	24
warm	24
captains	24
commanded	24
orders	24
regular	24
scuttle	24
country	24
circle	24
striking	24
wall	24
self	24
owing	24
secret	24
thyself	24
became	24
level	24
ran	24
headed	24
afterwards	24
perils	24
lad	24
exactly	24
wife	24
grow	24
somewhere	24
strength	24
escape	24
fiery	24
beyond	24
pursuit	24
swift	24
blows	24
remains	24
pulling	24
love	24
regarded	24
war	24
globe	24
year	24
hunt	24
flew	23
master	23
history	23
parsee	23
instantly	23
remain	23
meantime	23
flesh	23
spot	23
ah	23
burst	23
gazing	23
hint	23
higher	23
passing	23
real	23
hidden	23
french	23
hot	23
consider	23
speaking	23
break	23
honor	23
yellow	23
lances	23
tall	23
stove	22
centre	22
laid	22
windward	22
sing	22
pagan	22
avast	22
answered	22
dost	22
golden	22
seventy	22
terrible	22
fore	22
wise	22
sleeping	22
log	22
east	22
post	22
dashed	22
rear	22
drew	22
deadly	22
negro	22
advance	22
jacket	22
wonderful	22
gay	22
filled	22
game	22
tree	22
sitting	22
lives	22
step	22
magnitude	22
formed	22
souls	22
descried	22
likewise	22
cause	22
windlass	22
anchor	21
beheld	21
original	21
father	21
ribs	21
holy	21
prow	21
gunwale	21
lofty	21
radney	21
places	21
rise	21
lakeman	21
sink	21
terrors	21
law	21
jolly	21
distant	21
winds	21
age	21
decks	21
spare	21
worse	21
attached	21
repeated	21
swim	21
base	21
evinced	21
hailed	21
terror	21
invested	21
truly	21
quickly	21
aboard	21
bag	21
empty	21
gigantic	20
subject	20
nantucketer	20
everything	20
swung	20
raised	20
dignity	20
minutes	20
outer	20
moreover	20
spade	20
slightest	20
died	20
separate	20
needs	20
cross	20
son	20
owners	20
drive	20
billows	20
virtue	20
lowered	20
doubloon	20
don	20
casks	20
lying	20
directly	20
grown	20
follow	20
swam	20
dim	20
profound	20
past	20
floor	20
hollow	20
lies	20
thinks	20
former	20
breeze	20
dat	20
yard	20
advancing	20
hunted	20
inches	20
eh	19
fall	19
ones	19
inch	19
leaves	19
atlantic	19
merchant	19
beginning	19
whalers	19
forced	19
rapidly	19
porpoise	19
meet	19
awful	19
met	19
squall	19
solitary	19
ishmael	19
ways	19
sorts	19
swiftly	19
crossing	19
gentleman	19
hanging	19
quietly	19
england	19
stone	19
tomahawk	19
blacksmith	19
fight	19
reached	19
precise	19
concluded	19
largest	19
stuff	19
sake	19
eternal	19
bring	19
silence	19
vicinity	19
pointing	19
grey	19
chiefly	19
fain	19
figure	19
dog	19
gabriel	19
important	19
ordinary	19
glass	19
merely	19
presently	19
grave	19
smoking	19
pale	19
noon	19
pitch	19
whaler	19
ill	19
lee	19
telling	19
deeper	19
ends	19
seat	19
presented	19
foam	19
drink	18
chains	18
beach	18
rate	18
content	18
picture	18
seized	18
dinner	18
horizon	18
flag	18
beef	18
height	18
guess	18
whereas	18
pieces	18
dropping	18
kings	18
prodigious	18
bedford	18
glory	18
intense	18
opposite	18
modern	18
thereby	18
careful	18
mentioned	18
sought	18
voyages	18
lead	18
leave	18
spite	18
lowering	18
dam	18
nameless	18
pay	18
engaged	18
officers	18
delight	18
floated	18
thine	18
rush	18
spirit	18
longer	18
jump	18
brave	18
example	18
period	18
roll	18
spermaceti	18
evening	18
plenty	18
revealed	18
yonder	18
difference	18
hook	18
observed	18
box	18
precious	18
hill	18
pots	18
lo	18
inside	18
breath	18
gives	18
cannibal	18
regularly	18
instance	18
marked	18
interest	18
upwards	18
islands	18
oarsmen	17
west	17
cries	17
bore	17
thin	17
thrust	17
devils	17
captured	17
weight	17
shape	17
gaze	17
rocks	17
friends	17
furnished	17
understand	17
affair	17
heavens	17
trunk	17
motion	17
bold	17
fatal	17
crews	17
flame	17
originally	17
animal	17
continually	17
impossible	17
lips	17
dough	17
heave	17
children	17
steward	17
hitherto	17
lifted	17
leviathans	17
immediately	17
whence	17
foolish	17
meaning	17
dragged	17
solid	17
starboard	17
row	17
sixty	17
fro	17
muttered	17
bad	17
native	17
remember	17
previously	17
christian	17
race	17
shouted	17
books	17
mystic	17
isles	17
fail	17
cool	17
compass	17
crown	17
minute	17
hunter	17
madness	17
joy	17
tackles	17
inserted	17
rushing	17
trying	17
neck	17
bench	17
irons	17
elephant	16
putting	16
respect	16
knowing	16
proved	16
heat	16
sent	16
twelve	16
prophet	16
corner	16
stroke	16
neither	16
locked	16
fate	16
spray	16
window	16
weary	16
fairly	16
laugh	16
numerous	16
flames	16
sit	16
lungs	16
clean	16
amid	16
oceans	16
bread	16
double	16
tow	16
earthly	16
piece	16
invisible	16
monkey	16
immense	16
keen	16
slid	16
plank	16
rock	16
stricken	16
fully	16
pictures	16
wound	16
harbor	16
shake	16
straits	16
watching	16
civilized	16
missing	16
inn	16
months	16
hark	16
color	16
spouts	16
feels	16
fit	16
actually	16
showed	16
paused	16
ring	16
distinct	16
fool	16
carries	16
fill	16
thousands	16
ii	16
horizontal	16
folio	16
scientific	16
summer	16
rare	16
unaccountable	16
behold	16
ginger	16
spine	16
uncommon	16
seven	16
breaking	16
happened	16
encounter	16
hussey	16
binnacle	16
doom	16
encountered	16
pleasant	16
barrels	15
endless	15
spoke	15
pains	15
position	15
marble	15
apart	15
latitudes	15
blind	15
nearer	15
carrying	15
horrible	15
broke	15
utmost	15
disappeared	15
roman	15
lads	15
palms	15
fins	15
wrinkles	15
streets	15
pulpit	15
direction	15
shadows	15
violent	15
frantic	15
north	15
boiling	15
crossed	15
frequently	15
yea	15
bucket	15
silently	15
special	15
dare	15
working	15
opening	15
rod	15
measure	15
canal	15
shock	15
cunning	15
seek	15
armed	15
pushed	15
flood	15
faith	15
firm	15
rushed	15
probably	15
perilous	15
supposed	15
yield	15
latter	15
whenever	15
vapor	15
yojo	15
sank	15
heaving	15
coward	15
drag	15
faces	15
exceedingly	15
immortal	15
effect	15
hail	15
dry	15
shadow	15
grass	15
helped	15
marks	15
signs	15
save	15
blast	15
letter	15
mention	15
afraid	15
ages	15
exclaimed	15
future	15
queen	15
events	15
troubled	15
season	15
pumps	15
marvellous	15
torn	15
space	15
steak	15
child	15
tried	15
employed	15
moving	15
wrinkled	15
church	15
secured	15
buried	14
superior	14
closely	14
job	14
continued	14
departed	14
boots	14
mounted	14
anywhere	14
officer	14
opinion	14
returned	14
fly	14
leaping	14
asked	14
perth	14
wont	14
prey	14
minds	14
erect	14
critical	14
piled	14
crazy	14
london	14
worth	14
continual	14
foe	14
dying	14
seizing	14
split	14
wish	14
customary	14
reach	14
entered	14
declared	14
chased	14
fat	14
grew	14
send	14
towing	14
glancing	14
fingers	14
unseen	14
food	14
perceived	14
planted	14
forming	14
occasionally	14
awe	14
breakfast	14
glided	14
meant	14
trees	14
honest	14
phantom	14
canvas	14
mother	14
throw	14
sense	14
reference	14
token	14
hither	14
sounding	14
terrific	14
mariner	14
bye	14
capture	14
proceed	14
arrived	14
hit	14
deemed	14
beware	14
hue	14
handle	14
bird	14
darting	14
moved	14
rolls	14
luck	14
leak	14
carved	14
intent	14
care	14
tub	14
stay	14
considered	14
tun	14
simultaneously	14
character	14
partly	14
points	14
equal	14
gliding	14
gained	14
tormented	14
lighted	13
elsewhere	13
doubtless	13
bull	13
chap	13
mrs	13
jack	13
german	13
matters	13
sooner	13
need	13
lesson	13
sinking	13
slightly	13
tiller	13
tied	13
field	13
city	13
return	13
touched	13
big	13
warp	13
gallant	13
manned	13
leaped	13
bunger	13
setting	13
utterly	13
tubs	13
oarsman	13
iii	13
leap	13
moody	13
belonged	13
indirectly	13
straightway	13
swinging	13
wherefore	13
hearing	13
commander	13
mat	13
dangerous	13
conceit	13
ponderous	13
eager	13
reaching	13
remarkable	13
herd	13
fourth	13
practical	13
subsequent	13
silver	13
loaded	13
fathoms	13
greater	13
sprang	13
ambergris	13
lively	13
mankind	13
finger	13
stars	13
polar	13
mountains	13
leaned	13
pulled	13
roared	13
volume	13
prove	13
canst	13
receiving	13
wreck	13
quantity	13
steering	13
sweep	13
tide	13
extreme	13
den	13
swear	13
names	13
calmly	13
buoy	13
spoken	13
private	13
twice	13
tore	13
wonders	13
rib	13
flank	13
circles	13
latitude	13
street	13
blanket	13
elijah	13
landed	13
please	13
shook	13
grounds	13
shoulders	13
lived	13
ropes	13
chanced	13
tower	13
corpse	13
ghost	13
john	13
gain	13
resolved	13
backs	13
idol	13
stout	13
keeping	13
swallowed	13
readily	13
square	13
begin	12
speed	12
additional	12
spanish	12
slain	12
watches	12
interior	12
seeking	12
barbs	12
shipmate	12
sadly	12
pocket	12
naught	12
leading	12
happens	12
um	12
resting	12
key	12
hemp	12
narrative	12
tossing	12
outs	12
mid	12
ashes	12
hell	12
fitted	12
deal	12
contrast	12
sand	12
descend	12
stump	12
fashioned	12
eating	12
poles	12
prepared	12
centuries	12
freely	12
mountain	12
size	12
tapering	12
painted	12
ball	12
meeting	12
nations	12
america	12
settled	12
connected	12
hearted	12
slow	12
becomes	12
cursed	12
insult	12
calls	12
salt	12
cod	12
drowned	12
manxman	12
bears	12
narrow	12
brother	12
noise	12
central	12
smells	12
naturally	12
singing	12
calling	12
shoulder	12
ladder	12
unearthly	12
shipped	12
lift	12
solemn	12
conscience	12
lengthwise	12
contrary	12
falling	12
vengeance	12
caused	12
meat	12
bursting	12
fleece	12
supplied	12
system	12
wine	12
octavo	12
offered	12
hoisting	12
unusual	12
southern	12
secure	12
mixed	12
isle	12
sweeping	12
toil	12
sights	12
firmly	12
capstan	12
dumb	12
upright	12
lean	12
morrow	12
terms	12
force	12
gloom	12
downwards	12
rapid	12
thank	12
stranded	12
exceeding	12
scarce	12
spars	12
lantern	12
malice	12
countenance	12
motions	12
knowledge	12
oriental	12
forms	12
involuntarily	12
glad	12
excellent	12
desperate	12
lonely	12
draw	12
strain	12
sounds	12
individual	12
sleet	12
rods	12
burning	12
greatest	12
ear	12
social	12
possession	12
bent	12
enchanted	12
catch	12
milk	12
conduct	12
spouting	12
guernsey	12
quiet	12
dread	12
naked	12
fearful	12
murmured	12
afloat	12
evil	12
heaved	12
pair	12
loud	12
peril	12
external	12
usage	12
howling	12
clouds	12
haul	12
monstrous	11
replied	11
mysterious	11
wore	11
eat	11
symbol	11
noticed	11
subtle	11
pirates	11
waist	11
indispensable	11
walls	11
contact	11
tackle	11
served	11
prairie	11
prolonged	11
virgin	11
mount	11
stream	11
bible	11
perpendicular	11
visit	11
remote	11
hearse	11
desired	11
needle	11
nest	11
tongue	11
smell	11
pine	11
spell	11
swell	11
narwhale	11
dived	11
tiger	11
worship	11
fastened	11
features	11
convenient	11
foremost	11
herds	11
letters	11
foul	11
northern	11
trouble	11
invariably	11
equator	11
birth	11
clothes	11
tambourine	11
nights	11
strongly	11
canoe	11
belong	11
fleet	11
spiritual	11
significant	11
stretched	11
pacing	11
worn	11
beating	11
arched	11
advanced	11
barbaric	11
appearance	11
block	11
family	11
swells	11
hoops	11
enter	11
wet	11
cover	11
taste	11
blackness	11
beholding	11
observe	11
covered	11
jets	11
service	11
swallow	11
school	11
steadily	11
wave	11
image	11
coiled	11
wicked	11
baleen	11
lights	11
notice	11
simple	11
naturalists	11
using	11
flung	11
begins	11
cannibals	11
forget	11
lashed	11
nailed	11
grim	11
direct	11
vocation	11
fetch	11
peace	11
peculiarities	11
forge	11
birds	11
carefully	11
element	11
jumped	11
remaining	11
wharf	11
temple	11
money	11
welded	11
event	11
repose	11
starting	11
fashion	11
vice	11
early	11
judgment	11
named	11
elephants	11
throwing	11
mostly	11
fellows	11
bowels	11
burn	11
news	11
memory	11
elevated	11
stripped	11
fowls	11
samuel	11
reasons	11
shut	11
concluding	11
mist	11
horror	11
indifferent	11
lip	11
included	11
alike	11
fierce	11
escaped	11
blessed	11
path	11
monomaniac	11
written	11
temporary	11
kick	11
ignorance	11
clam	11
cask	11
valuable	11
bar	11
pick	11
objects	11
commotion	11
faint	11
needles	11
fifteen	11
bowed	11
obvious	11
picked	11
odd	11
experienced	11
scenes	11
smaller	11
discovery	11
demanded	11
articles	11
plan	11
floats	11
lovely	11
wanting	11
outward	11
ramadan	11
moments	11
whispered	11
butter	11
softly	11
infallibly	11
velocity	10
approaching	10
afternoon	10
hovering	10
gradually	10
vital	10
detached	10
lima	10
descending	10
pious	10
closed	10
comrades	10
strip	10
heading	10
downward	10
sliding	10
destroyed	10
direful	10
savages	10
bell	10
helmsman	10
murder	10
pot	10
appeared	10
experience	10
ask	10
glasses	10
knives	10
hurrah	10
hatches	10
absent	10
horses	10
inferior	10
feeding	10
hints	10
entitled	10
nantucketers	10
accursed	10
task	10
coils	10
shroud	10
charge	10
uncertain	10
yon	10
valiant	10
occurred	10
curiosity	10
impressions	10
stock	10
women	10
slave	10
breadth	10
spades	10
gazed	10
winter	10
dream	10
cetology	10
removed	10
boldly	10
quest	10
hideous	10
compasses	10
stairs	10
sheets	10
leagues	10
papers	10
grinning	10
earnest	10
blinds	10
japanese	10
mood	10
occasion	10
spent	10
uplifted	10
simply	10
spirits	10
wrapped	10
woods	10
bringing	10
landsmen	10
mildly	10
threw	10
anybody	10
derick	10
venerable	10
shortly	10
crack	10
nail	10
imperial	10
summit	10
derived	10
domestic	10
gaining	10
th	10
consternation	10
perch	10
serious	10
nine	10
sacred	10
remotest	10
alas	10
striving	10
quaker	10
mortals	10
clumsy	10
berth	10
smallest	10
spear	10
retained	10
endure	10
limbs	10
murderous	10
superstitious	10
brief	10
dense	10
dish	10
thrusting	10
chapel	10
methinks	10
depth	10
appalling	10
bare	10
sick	10
nearest	10
trowsers	10
thither	10
dust	10
projecting	10
dear	10
ladies	10
skill	10
japan	10
led	10
depths	10
pausing	10
crotch	10
rage	10
host	10
pitched	10
perseus	10
century	10
wing	10
driven	10
divided	10
handed	10
frozen	10
concern	10
sunrise	10
vague	10
milky	10
slide	10
relieved	10
headsman	10
term	10
skies	10
throughout	10
pursued	10
changed	10
ignorant	10
gently	10
attend	10
pity	10
glimpse	10
fare	10
surprise	10
fowl	10
midst	10
discovered	10
hills	10
aught	10
yesterday	9
society	9
awake	9
eyed	9
lifting	9
apparition	9
hurry	9
sufficiently	9
combined	9
mouths	9
contrasting	9
member	9
malicious	9
wear	9
hardy	9
shuddering	9
ports	9
opened	9
belly	9
lodged	9
squeeze	9
wildly	9
sum	9
usual	9
sole	9
china	9
lock	9
finds	9
fountain	9
stiff	9
incredible	9
homage	9
tempest	9
snatching	9
moored	9
cup	9
angels	9
albatross	9
coin	9
fancied	9
walking	9
rows	9
clinging	9
magic	9
quohog	9
singular	9
mistake	9
pressed	9
afford	9
candles	9
easily	9
hereby	9
eastward	9
accounted	9
stark	9
levelled	9
comfortable	9
bits	9
withstand	9
courage	9
bloody	9
houses	9
lid	9
wilt	9
spend	9
rig	9
succeeded	9
bodies	9
tar	9
tongs	9
particulars	9
weapon	9
biscuit	9
quit	9
cherish	9
movement	9
seemingly	9
pure	9
forgotten	9
intended	9
dash	9
merry	9
whalebone	9
shaking	9
paced	9
sad	9
intolerable	9
attempt	9
fury	9
anxious	9
wounded	9
la	9
meets	9
hoist	9
bethink	9
united	9
scarcely	9
flight	9
hunting	9
nervous	9
everlasting	9
rumors	9
driving	9
wanted	9
beget	9
dancing	9
float	9
powder	9
seventh	9
lurks	9
scattered	9
steer	9
abounding	9
move	9
properly	9
occupied	9
presumed	9
action	9
influence	9
knee	9
raise	9
lake	9
crowd	9
moon	9
stave	9
violently	9
tremendous	9
dripping	9
holes	9
listen	9
dawn	9
unspeakable	9
humor	9
devilish	9
plunged	9
reserved	9
scoresby	9
ease	9
damp	9
sunset	9
mediterranean	9
mapple	9
hist	9
expression	9
shirt	9
miserable	9
mystical	9
extremity	9
attention	9
involved	9
muffled	9
hereafter	9
bowl	9
pleased	9
revolving	9
stuck	9
accounts	9
swept	9
attack	9
wants	9
twisted	9
youth	9
mystery	9
mainmast	9
beings	9
brace	9
chowder	9
inclined	9
dimly	9
sensible	9
activity	9
bless	9
office	9
larboard	9
bellies	9
vivid	9
intently	9
independent	9
cruise	9
judge	9
reel	9
tribe	9
confidential	9
brit	9
lit	9
larger	9
rack	9
borne	9
priest	9
directions	9
growing	9
smooth	9
greek	9
halloa	9
hum	9
party	9
match	9
considerably	9
kicked	9
strained	9
connexion	9
freighted	9
mercy	9
despair	9
monsters	9
temporarily	9
sparkling	9
roaring	9
stopping	9
pike	9
apparently	9
soil	9
anon	9
whereby	9
able	9
rail	9
regard	9
tumultuous	9
spar	9
seaman	9
cheese	9
principle	9
cord	9
loss	9
stage	9
hauled	9
vigorous	9
score	9
buffalo	9
occasional	9
screwed	8
balls	8
squares	8
leviathanic	8
girls	8
hundreds	8
brute	8
lady	8
slight	8
commodore	8
bubbles	8
contrivances	8
sleepy	8
bosom	8
vertebr	8
loom	8
melancholy	8
daring	8
flash	8
lose	8
sebastian	8
dashing	8
sending	8
folded	8
finding	8
agent	8
exact	8
revenge	8
rocking	8
aint	8
glittering	8
observing	8
closer	8
applied	8
obey	8
seasons	8
harpooned	8
worked	8
panic	8
typhoon	8
tender	8
blade	8
sin	8
obedience	8
western	8
bestowed	8
ark	8
worthy	8
sheet	8
duke	8
horns	8
confess	8
vitality	8
shooting	8
breast	8
traditions	8
intention	8
dreams	8
vishnoo	8
boom	8
withdrawing	8
snowy	8
joppa	8
beautiful	8
swings	8
inasmuch	8
instinct	8
popularly	8
snap	8
infinite	8
stepped	8
timid	8
hearty	8
canoes	8
settle	8
learn	8
specific	8
sag	8
page	8
dogs	8
express	8
rich	8
cheer	8
gunwales	8
duodecimo	8
ordered	8
published	8
walk	8
blew	8
author	8
concerned	8
chat	8
proud	8
lingering	8
homeward	8
serene	8
fields	8
currents	8
keels	8
mechanically	8
spilled	8
reading	8
bulkington	8
towed	8
solemnly	8
described	8
wretched	8
beer	8
hate	8
anguish	8
universal	8
entry	8
dive	8
particularly	8
blades	8
wigwam	8
jove	8
cruel	8
song	8
hopeless	8
respects	8
whip	8
consideration	8
perpendicularly	8
entering	8
desire	8
alarm	8
layer	8
crushed	8
pipes	8
including	8
anvil	8
chances	8
issued	8
tooth	8
explain	8
seals	8
ranged	8
daily	8
frost	8
bitter	8
rises	8
didst	8
inscrutable	8
submerged	8
damn	8
hammered	8
historical	8
intensity	8
obliquely	8
plane	8
gathered	8
pray	8
harem	8
report	8
motionless	8
equally	8
grief	8
quadrant	8
accordingly	8
foreign	8
offer	8
loving	8
congregation	8
thigh	8
mistaken	8
bill	8
cuvier	8
brown	8
heel	8
dried	8
chair	8
unlike	8
schools	8
huzza	8
hey	8
tattooed	8
sneezes	8
wherein	8
returning	8
wrecked	8
active	8
seize	8
marvels	8
spinal	8
colored	8
runs	8
shaped	8
lion	8
steered	8
shoals	8
change	8
reasonable	8
backward	8
bowsman	8
slipped	8
perched	8
grandeur	8
excited	8
comparatively	8
slouched	8
handled	8
seeming	8
operation	8
crooked	8
brains	8
built	8
weapons	8
fluid	8
vial	8
joke	8
proceeds	8
lowly	8
pride	8
eventually	8
rowing	8
moonlight	8
bowsprit	8
peering	8
belongs	8
sounded	8
admit	8
blasted	8
flat	8
measured	8
authority	8
preliminary	8
paid	8
peep	8
conscious	8
backed	8
chapters	8
sublime	8
furnish	8
cloth	8
interesting	8
beauty	8
fearless	8
eagerness	8
dismal	8
perceive	8
join	8
throne	8
shrouds	8
lurked	8
strove	8
masses	8
bred	8
hatchway	8
conclude	8
swims	8
mayhew	8
largely	8
keeps	8
woven	8
storms	8
ahoy	8
knees	8
affected	8
material	8
unnatural	8
august	8
lone	8
sell	8
highest	8
spears	8
compared	8
thrice	8
wrong	8
snapped	8
lucky	8
dig	8
stopped	8
distinctly	8
extending	8
organ	8
tells	8
shoal	8
receive	8
happen	8
grace	8
taffrail	8
eagerly	8
band	8
bay	8
heidelburgh	8
plate	8
infernal	8
containing	8
divine	8
parted	8
deliberately	8
weeks	8
lashing	8
desert	8
africa	8
doors	8
belonging	8
transparent	8
blank	8
phantoms	8
surrounded	8
elements	8
surgeon	8
pockets	8
popular	8
carpet	8
measureless	8
wakes	8
happy	8
securing	8
ranging	7
chasing	7
presents	7
coiling	7
compare	7
fold	7
furious	7
foremast	7
edge	7
chart	7
influences	7
signal	7
copper	7
screw	7
polished	7
outside	7
veil	7
waif	7
thickness	7
lbs	7
dressed	7
hooded	7
reckoning	7
pile	7
flies	7
separately	7
truck	7
solomon	7
exceed	7
visited	7
prudent	7
fits	7
needed	7
arctic	7
purse	7
states	7
sleeps	7
faithful	7
increased	7
apt	7
bottle	7
ribbed	7
pillow	7
adequately	7
woof	7
busy	7
hated	7
paper	7
structure	7
shaggy	7
worlds	7
grasping	7
steed	7
representing	7
murderer	7
necessity	7
bolt	7
mary	7
blocks	7
hang	7
shame	7
infidel	7
shrouded	7
laughed	7
indifference	7
custom	7
nostrils	7
bolted	7
flinging	7
funny	7
intelligence	7
corresponding	7
mechanical	7
breakers	7
river	7
breaths	7
lest	7
surely	7
colossal	7
cheeks	7
christians	7
drawers	7
heavily	7
pace	7
shuttle	7
coral	7
record	7
heed	7
shavings	7
problem	7
shade	7
stepping	7
strangers	7
hempen	7
search	7
thence	7
holds	7
pause	7
widely	7
coffins	7
destined	7
description	7
blazing	7
steersman	7
vineyard	7
coal	7
string	7
bottomless	7
wait	7
delicate	7
addressed	7
wears	7
wilful	7
vicissitudes	7
cheek	7
socket	7
rigged	7
splice	7
ended	7
majestic	7
vigilance	7
peter	7
created	7
landsman	7
feeder	7
furthermore	7
delicacy	7
spectacle	7
accomplished	7
ascending	7
incidentally	7
romantic	7
bolts	7
eighteen	7
toss	7
facts	7
reply	7
false	7
splintered	7
supply	7
alarmed	7
noiseless	7
commenced	7
fiend	7
pretend	7
animated	7
sixteen	7
re	7
voices	7
pit	7
figures	7
reality	7
timber	7
fatality	7
hurried	7
drooping	7
grin	7
tails	7
allusions	7
dey	7
whirling	7
contents	7
comrade	7
lays	7
equatorial	7
supernatural	7
promise	7
magnetic	7
burden	7
colt	7
spoutings	7
quality	7
bid	7
conspicuous	7
straining	7
spouter	7
charts	7
punch	7
headlong	7
highly	7
cap	7
prick	7
gun	7
consequence	7
sized	7
zealand	7
knot	7
tablets	7
unconsciously	7
cable	7
startled	7
agony	7
buoyant	7
gam	7
immemorial	7
woollen	7
shores	7
immediate	7
cloud	7
cracked	7
shoe	7
ninety	7
yarman	7
charm	7
monsieur	7
lands	7
fluke	7
pivot	7
everywhere	7
archangel	7
charity	7
title	7
dollars	7
existence	7
lightly	7
ghosts	7
porpoises	7
plates	7
wings	7
warning	7
diminished	7
dragging	7
stories	7
attitude	7
fisherman	7
contracting	7
religion	7
necessary	7
maul	7
hammers	7
abandoned	7
oath	7
uses	7
blindly	7
elastic	7
fright	7
fifth	7
sub	7
unctuous	7
tarshish	7
egyptian	7
energy	7
trumpet	7
angle	7
specially	7
discover	7
mizen	7
earnestly	7
prior	7
argument	7
coasts	7
requires	7
technically	7
privilege	7
pre	7
extraordinary	7
verdure	7
weaving	7
commonly	7
ultimate	7
knocking	7
hatch	7
obtained	7
gulf	7
treated	7
powers	7
lurking	7
candle	7
eternally	7
tons	7
daylight	7
passion	7
shivering	7
joint	7
cords	7
uncommonly	7
pyramid	7
placing	7
retain	7
honorable	7
nails	7
laws	7
inexplicable	7
coolly	7
questions	7
dan	7
utter	7
trades	7
stretch	7
sleeper	7
suit	7
sunday	7
flanks	7
occur	7
smitten	7
java	7
identical	7
innermost	7
sober	7
chimney	7
ram	7
joined	7
curling	7
macey	7
intelligent	7
flip	7
doubloons	7
catching	7
possessed	7
burnt	7
traveller	7
squid	7
danger	7
dull	7
hailing	7
sunk	7
threads	7
distinguished	7
strictly	7
dividing	7
icy	7
seams	7
study	7
diligently	7
counterpane	7
spiracle	7
stick	7
mend	7
enderby	7
george	7
calculated	7
hereditary	7
stayed	7
widow	7
bunch	7
swore	7
destruction	7
pliny	7
drugged	7
rings	7
anchors	7
glistening	7
property	7
bidding	7
expected	7
gentle	7
loudly	7
millions	7
appears	7
peculiarity	7
surprising	7
glances	7
shows	7
diving	6
related	6
unite	6
murdered	6
hovered	6
yarn	6
advice	6
puff	6
sorry	6
turkish	6
marching	6
veins	6
peaceful	6
musket	6
perished	6
ding	6
apartment	6
upward	6
appear	6
serenity	6
beside	6
toes	6
schoolmaster	6
male	6
considerations	6
vainly	6
courses	6
duly	6
slender	6
pushing	6
peculiarly	6
notwithstanding	6
tomb	6
science	6
produced	6
owner	6
audacious	6
resurrection	6
battering	6
importance	6
tables	6
garden	6
ox	6
tobacco	6
fond	6
waving	6
churning	6
girth	6
blinding	6
fun	6
owen	6
meadow	6
shrieks	6
caw	6
perfectly	6
twin	6
relief	6
quitting	6
staff	6
forged	6
resemblance	6
dr	6
amount	6
unconscious	6
circular	6
sunlight	6
soundings	6
shivered	6
beams	6
consciousness	6
adventures	6
hide	6
dies	6
travel	6
awaiting	6
banks	6
fears	6
playing	6
stole	6
grasped	6
extracts	6
feast	6
wrought	6
americans	6
accident	6
jerking	6
shreds	6
comparison	6
lounging	6
pans	6
rays	6
cave	6
tattooing	6
adrift	6
preceding	6
swelled	6
circumference	6
parallel	6
omen	6
jot	6
value	6
corrupt	6
dumplings	6
isolated	6
due	6
amazement	6
rights	6
learning	6
decent	6
solely	6
shudder	6
crawl	6
subterranean	6
seal	6
bony	6
paint	6
killer	6
masonry	6
wherever	6
ash	6
slippery	6
comparative	6
spires	6
parlor	6
recognised	6
insanity	6
therein	6
crawling	6
bury	6
seeks	6
painting	6
harm	6
announced	6
capable	6
insufferable	6
symptoms	6
heeded	6
dreary	6
violence	6
deepest	6
boundless	6
pitchpoling	6
excitement	6
margin	6
doubts	6
completed	6
alabama	6
sister	6
sucking	6
girl	6
shades	6
gate	6
probability	6
recklessly	6
pin	6
walked	6
angel	6
tapers	6
eternity	6
whiskers	6
barbed	6
persons	6
overhead	6
allowed	6
bachelor	6
tone	6
odds	6
swing	6
accompanied	6
expand	6
steadfastly	6
stomach	6
forked	6
drown	6
pagans	6
salted	6
copy	6
bearded	6
removing	6
retired	6
irregular	6
arch	6
woman	6
vision	6
launched	6
opposing	6
potent	6
mothers	6
churches	6
conscientious	6
cock	6
mightiest	6
killing	6
entrance	6
dreaming	6
proceeded	6
inland	6
winding	6
spending	6
mould	6
hangs	6
hears	6
swiftness	6
valley	6
subjects	6
health	6
header	6
generations	6
cowards	6
claim	6
enraged	6
feat	6
patient	6
ideas	6
wrath	6
resuming	6
breathing	6
resumed	6
handful	6
wedding	6
refuse	6
coronation	6
covering	6
sumatra	6
rascal	6
locks	6
involve	6
creation	6
darker	6
czar	6
presence	6
rule	6
heightened	6
prairies	6
shipping	6
minded	6
brawny	6
add	6
breathes	6
glanced	6
dreadful	6
betrayed	6
push	6
cannon	6
awhile	6
mouthed	6
reveries	6
dance	6
casting	6
damned	6
jeopardy	6
useless	6
empire	6
newly	6
encountering	6
uprising	6
coil	6
fugitive	6
treacherous	6
confidence	6
steam	6
avoid	6
harbors	6
safety	6
correct	6
believed	6
fragrant	6
pan	6
handspikes	6
usages	6
moss	6
hatchet	6
twain	6
hearth	6
application	6
scorched	6
heedful	6
azure	6
swerve	6
accidents	6
affrighted	6
condition	6
lash	6
talking	6
tumbled	6
corpusants	6
archipelagoes	6
abroad	6
fled	6
crowding	6
sagacious	6
serve	6
assured	6
portentous	6
safe	6
bouton	6
personally	6
directed	6
semi	6
wrist	6
prayers	6
twine	6
speechless	6
finest	6
shattered	6
chocks	6
screaming	6
jeroboam	6
heathenish	6
outlandish	6
roar	6
dragon	6
pump	6
prevent	6
burned	6
usually	6
gangway	6
plunging	6
clay	6
probable	6
majesty	6
tales	6
harmless	6
scrape	6
drops	6
bite	6
steps	6
sunda	6
pistol	6
contains	6
axis	6
secrets	6
declare	6
staring	6
fed	6
producing	6
determined	6
carving	6
pig	6
beheaded	6
superiority	6
greatly	6
military	6
companies	6
engravings	6
emotions	6
complexion	6
knocked	6
passenger	6
significance	6
tube	6
embalmed	6
asleep	6
likeness	6
boarded	6
astonishment	6
shown	6
couple	6
universe	6
dexterous	6
numbers	6
swaying	6
smiting	6
braces	6
invest	6
prime	6
pervading	6
exasperated	6
unnecessary	6
curled	6
recall	6
knowest	6
longitude	6
oftentimes	6
sons	6
remorseless	6
fibres	6
coffee	6
welcome	6
frightened	6
reflection	6
bowing	6
hereabouts	6
mile	6
furiously	6
hem	6
lurk	6
note	6
commanders	6
shoes	6
affairs	6
wrenched	6
silvery	6
gush	6
introduced	6
scud	6
pitching	6
canallers	6
deed	6
flow	6
pen	6
vibrating	6
hurled	6
curse	6
cooked	6
amazing	6
pallor	6
provided	6
village	6
ripe	6
humorous	6
waking	6
nineveh	6
indolent	6
file	6
recalled	6
language	6
spouted	6
reeled	6
curiously	6
comfort	6
tides	6
heavenly	6
stretching	6
aware	6
leaky	6
ceiling	6
meals	6
fiercely	6
sullen	6
commerce	6
management	6
tears	6
deeply	6
extra	6
everybody	6
skulls	6
limb	6
persian	6
remembered	6
purple	6
wheel	6
separated	6
wrists	6
reigned	6
raises	6
sticking	6
feelings	6
slackened	6
onset	6
month	6
blowing	6
sidelong	6
cattle	6
carcase	6
attended	6
alluded	6
yelled	6
saved	6
scales	6
laying	6
derive	6
cash	6
york	6
sunken	6
conclusion	6
links	6
flitting	6
foes	6
landlady	6
bubble	6
tahiti	6
absence	5
shiver	5
weigh	5
saith	5
items	5
nowadays	5
towns	5
revealing	5
walks	5
hairs	5
induce	5
flashing	5
poured	5
enjoy	5
rearing	5
profile	5
authorities	5
inference	5
loomed	5
saturday	5
defendants	5
unwonted	5
neared	5
drab	5
pronounced	5
tea	5
coals	5
furthest	5
drinking	5
antiquity	5
hospitable	5
hinting	5
tend	5
tough	5
corn	5
pewter	5
profane	5
cedar	5
tones	5
leaps	5
frederick	5
loggerhead	5
conversation	5
mouldy	5
guinea	5
impression	5
roses	5
pour	5
swarming	5
eagle	5
trap	5
source	5
inquiry	5
include	5
patched	5
collected	5
deliverance	5
revelry	5
reckless	5
stirred	5
heaps	5
familiarly	5
tash	5
pool	5
rounded	5
breathe	5
inverted	5
imminent	5
inquiring	5
celestial	5
anchored	5
reverend	5
climes	5
wedded	5
basket	5
enters	5
revolved	5
trembling	5
beasts	5
potency	5
apprehension	5
counted	5
cane	5
maternal	5
mysteries	5
oak	5
clutch	5
preserve	5
passengers	5
uttermost	5
cabaco	5
risk	5
wight	5
vertical	5
profoundest	5
strongest	5
ridiculous	5
remove	5
suspected	5
thickly	5
grasp	5
dusky	5
supposing	5
paddles	5
benevolent	5
assaults	5
moods	5
packed	5
lazarus	5
countless	5
inner	5
euroclydon	5
priests	5
leather	5
pursuers	5
tranquilly	5
shoot	5
chip	5
public	5
pertaining	5
backwards	5
founded	5
adieu	5
emperor	5
frenchman	5
forbade	5
tropic	5
cologne	5
rooted	5
flee	5
critters	5
doubted	5
tierce	5
accustomed	5
impelled	5
incredulous	5
modified	5
parties	5
venture	5
dip	5
cheering	5
preternatural	5
waved	5
horrors	5
branches	5
andes	5
continuous	5
innocent	5
approach	5
antique	5
breaches	5
profession	5
forwards	5
reader	5
fasten	5
infants	5
transition	5
fabulous	5
identity	5
unimaginable	5
iv	5
barb	5
embraces	5
rachel	5
massive	5
success	5
gamesome	5
marchant	5
process	5
possess	5
stubborn	5
spitzbergen	5
extended	5
unusually	5
humming	5
exclamation	5
yarns	5
puffs	5
pedro	5
slabs	5
invests	5
folds	5
situation	5
chaps	5
feature	5
emerged	5
disordered	5
maketh	5
expanded	5
familiar	5
replenished	5
india	5
varieties	5
surprised	5
regarding	5
gracious	5
manilla	5
dents	5
erected	5
trick	5
emperors	5
groves	5
portents	5
exposed	5
write	5
alien	5
nowhere	5
glorious	5
wasted	5
plight	5
rocky	5
embark	5
bishop	5
frequented	5
cooper	5
doze	5
asia	5
plaintiffs	5
region	5
anew	5
comprehend	5
handkerchief	5
afforded	5
anatomical	5
posture	5
herring	5
dismasted	5
vile	5
permitted	5
contained	5
fan	5
consists	5
retreat	5
beard	5
hercules	5
satisfied	5
lifetime	5
guard	5
train	5
credulous	5
fates	5
phrase	5
rocked	5
throat	5
fighting	5
unharmed	5
admirable	5
draught	5
constant	5
aspects	5
theory	5
raising	5
obeying	5
procedure	5
vacant	5
experiences	5
mumbling	5
discernible	5
deacon	5
excepting	5
whisper	5
navies	5
progress	5
ascribed	5
pondering	5
track	5
bedfellow	5
tent	5
baron	5
thump	5
phenomenon	5
market	5
topmost	5
severe	5
dictionary	5
speedy	5
blended	5
blending	5
invited	5
scorn	5
hulls	5
trucks	5
jib	5
suspicions	5
coins	5
france	5
surrender	5
oaken	5
chips	5
jackets	5
axe	5
kindred	5
sleeves	5
sufficient	5
survive	5
trace	5
rust	5
palm	5
prospect	5
leader	5
expense	5
imagination	5
depend	5
transom	5
stuffed	5
silly	5
chain	5
numberless	5
carpenters	5
snug	5
safely	5
polite	5
withdrawn	5
baby	5
facing	5
aright	5
humorously	5
pencil	5
howled	5
murderers	5
trance	5
flashes	5
snatched	5
straightened	5
swart	5
deliberate	5
maintained	5
watched	5
odor	5
orphans	5
furniture	5
instantaneous	5
specimen	5
adventure	5
clenched	5
announcing	5
incident	5
errand	5
billow	5
calculating	5
mildness	5
impatient	5
glimpses	5
blown	5
article	5
haughty	5
volition	5
tap	5
sits	5
tight	5
thirds	5
narrated	5
docks	5
fable	5
opportunity	5
smile	5
limit	5
spaces	5
hissed	5
atmosphere	5
islanders	5
geological	5
irresistible	5
assumed	5
qualities	5
assuming	5
detail	5
wheels	5
splinters	5
downright	5
successful	5
definition	5
gallows	5
hindoo	5
associations	5
ridge	5
zone	5
wisdom	5
buckets	5
preserved	5
slipping	5
melted	5
timbers	5
decided	5
dismay	5
commanding	5
aged	5
breaks	5
twilight	5
vengeful	5
toiled	5
musk	5
valleys	5
professional	5
faced	5
vibration	5
stays	5
boxes	5
tear	5
companions	5
animals	5
queens	5
choice	5
wash	5
lighter	5
undeviating	5
skeletons	5
recently	5
amber	5
sleepers	5
official	5
expressed	5
whoever	5
proceedings	5
cheerful	5
artificial	5
sprung	5
sunny	5
literally	5
iceberg	5
increasing	5
entangled	5
curses	5
mincer	5
remark	5
butts	5
navy	5
shower	5
gallons	5
riveted	5
useful	5
transported	5
kicking	5
raging	5
lot	5
census	5
finished	5
creamy	5
bend	5
smoked	5
successive	5
omitted	5
latin	5
europe	5
list	5
horizontally	5
generous	5
continue	5
junk	5
obliged	5
surf	5
gleamed	5
week	5
boarding	5
jungfrau	5
descended	5
salvation	5
christmas	5
mutual	5
cosy	5
filling	5
teach	5
steep	5
designated	5
rain	5
style	5
arrive	5
pardon	5
struggling	5
hooked	5
oakum	5
whatsoever	5
flaming	5
stooping	5
stooped	5
delirium	5
owned	5
helping	5
adam	5
instinctively	5
laden	5
allusion	5
antarctic	5
occasions	5
philosophers	5
joints	5
belt	5
squalls	5
shouting	5
weaver	5
sway	5
comical	5
worshipping	5
congenial	5
showing	5
tempestuous	5
dotted	5
rude	5
gloomy	5
extent	5
strikes	5
rescue	5
complicated	5
sullenly	5
swayed	5
consumed	5
cleared	5
contain	5
clearing	5
reclining	5
road	5
paradise	5
fortitude	5
headsmen	5
tokens	5
incessant	5
cavity	5
windows	5
healthy	5
hay	5
prints	5
governor	5
gaunt	5
chinese	5
emotion	5
intolerably	5
produce	5
star	5
lanterns	5
scraping	5
extracted	5
arrival	5
readiness	5
hieroglyphics	5
degrees	5
robes	5
column	5
exhausted	5
springing	5
maintain	5
policy	5
sallied	5
schooner	5
shifted	5
fishes	5
internal	5
caps	5
holland	5
van	5
oaths	5
quarters	5
billiard	5
smote	5
competent	5
forests	5
resembling	5
wheeled	5
wheeling	5
attentively	5
chin	5
promontory	5
bade	5
pudding	5
colors	5
pickle	5
wharves	5
goney	5
assure	5
afore	5
kneeling	5
faded	5
crowds	5
inward	5
ex	5
midway	5
guilty	5
deserted	5
demand	5
butt	5
zodiac	5
pursuing	5
random	5
superstitions	5
accompanying	5
chorus	5
leathern	5
snuffed	5
reliable	5
proceeding	5
pound	5
whereupon	5
stately	5
advantage	5
advances	5
unconditional	5
signed	5
subsided	5
miracle	5
browne	5
plague	5
tolerable	5
pirate	5
spain	5
tranque	5
hooks	5
ruin	5
witness	5
lingered	5
knotted	5
goodness	5
ascended	5
standers	5
namely	5
lazily	5
bud	5
omnipotent	5
barrel	5
choose	5
louis	5
shelf	5
ghastly	5
burtons	5
mob	5
result	5
cracks	5
vapory	5
afar	5
heroes	5
suffering	5
shakes	5
talked	5
desk	4
tidings	4
wax	4
cards	4
abundance	4
notion	4
relish	4
subsequently	4
lighting	4
frock	4
dress	4
englishman	4
inhabitants	4
din	4
beaten	4
quarto	4
innocence	4
cherries	4
conceits	4
pallid	4
hurrying	4
dented	4
philosophy	4
humped	4
faster	4
peremptorily	4
cub	4
depart	4
deny	4
rooms	4
feeds	4
handfuls	4
unrecorded	4
vaults	4
impregnable	4
torments	4
preach	4
march	4
swallows	4
sets	4
informed	4
soliloquized	4
egyptians	4
harvest	4
butchers	4
bearer	4
accosted	4
promising	4
slack	4
shop	4
william	4
riotous	4
ugly	4
dined	4
confident	4
breezes	4
stun	4
muttering	4
footed	4
unconquerable	4
rid	4
stool	4
cliffs	4
refuge	4
horrid	4
somebody	4
appearances	4
stirring	4
indians	4
muscles	4
sable	4
fishy	4
favorite	4
dyspepsia	4
offing	4
crying	4
portion	4
happily	4
stones	4
barricade	4
rounding	4
turks	4
quitted	4
chaos	4
patagonian	4
sporting	4
memories	4
spoiled	4
concentrated	4
timidity	4
uppermost	4
erskine	4
attempts	4
climb	4
fiends	4
refused	4
referred	4
mounting	4
defiance	4
fixedly	4
heartily	4
singularly	4
contemptible	4
oblivious	4
lamps	4
soothed	4
impatience	4
confounded	4
counting	4
perish	4
storied	4
mischief	4
essence	4
achieved	4
frosty	4
spoil	4
maddened	4
plaited	4
pack	4
globular	4
area	4
reptile	4
expose	4
sulphur	4
herein	4
fling	4
granting	4
listening	4
prophecy	4
thames	4
shaken	4
spotted	4
cluster	4
rome	4
erie	4
shirr	4
wert	4
intrepid	4
helpless	4
laughing	4
aboriginal	4
gull	4
waning	4
recorded	4
tertiary	4
ounce	4
fallen	4
grant	4
defined	4
trip	4
rippling	4
overbearing	4
scorching	4
lifeless	4
aghast	4
buttons	4
merchantmen	4
contemporary	4
peeled	4
proverb	4
dared	4
westward	4
farewell	4
series	4
russian	4
intricacies	4
denied	4
bracing	4
clapping	4
lengths	4
clapped	4
palpable	4
attaining	4
unalterable	4
sorrow	4
unmolested	4
earliest	4
tusks	4
fidelity	4
interlude	4
saddest	4
slay	4
genial	4
courtesy	4
stocks	4
hams	4
depicted	4
sucked	4
branded	4
constantly	4
root	4
harder	4
moisture	4
shell	4
willingly	4
adventurous	4
wilderness	4
hopelessly	4
veteran	4
nap	4
armies	4
dreamy	4
gasp	4
hawk	4
convivial	4
pods	4
glued	4
recovered	4
practicable	4
quivering	4
flowers	4
locker	4
attitudes	4
engraving	4
portrait	4
anatomy	4
naturalist	4
bitterest	4
systematically	4
distinguish	4
cheers	4
enveloped	4
thumb	4
household	4
atmospheric	4
acquainted	4
possibility	4
chiselled	4
altering	4
agitated	4
indefinite	4
luckless	4
reef	4
alternating	4
voyager	4
haven	4
scalding	4
periodical	4
stamped	4
distrustful	4
item	4
gasping	4
flavor	4
distrusted	4
difficulty	4
shells	4
peru	4
enlightened	4
walled	4
tame	4
loses	4
tropical	4
permanent	4
unobstructed	4
assault	4
wandering	4
music	4
tendinous	4
reminds	4
haired	4
presume	4
devout	4
follows	4
portly	4
correctly	4
comprehended	4
slept	4
inevitably	4
threshold	4
reward	4
barrow	4
bridal	4
lucifers	4
slip	4
cork	4
shoots	4
universally	4
heap	4
endeavor	4
predestinated	4
banquet	4
attending	4
supplementary	4
skirts	4
latent	4
visual	4
stronger	4
converted	4
ceremony	4
begone	4
idly	4
ensued	4
daughters	4
dolphin	4
intellectual	4
protection	4
frame	4
happening	4
sociable	4
cogent	4
arsacidean	4
disasters	4
suspicious	4
thickest	4
vaguely	4
december	4
ducking	4
jerk	4
squeezing	4
superstition	4
malays	4
embracing	4
remorselessly	4
andromeda	4
steadfast	4
brimming	4
tendency	4
desolation	4
altar	4
likened	4
inserting	4
meanest	4
resistance	4
distinction	4
argued	4
beam	4
gestures	4
archy	4
rifle	4
panting	4
craven	4
triangular	4
ostentatiously	4
encounters	4
heartless	4
loath	4
guests	4
share	4
apprehensiveness	4
beast	4
chace	4
bluff	4
spinning	4
keepers	4
attracted	4
sloop	4
pleasure	4
visits	4
crush	4
reported	4
blend	4
cruet	4
ay	4
augment	4
earlier	4
principles	4
piercing	4
pierced	4
poison	4
wearing	4
imparts	4
velvet	4
clung	4
shapes	4
consequently	4
liver	4
infinitely	4
losing	4
mounts	4
ferocity	4
cautious	4
juncture	4
darkly	4
tufted	4
prayer	4
akin	4
nut	4
fasting	4
whirled	4
groping	4
garnery	4
northward	4
fisheries	4
replaced	4
partially	4
conveyed	4
ob	4
eighty	4
magnanimous	4
operated	4
razor	4
mowers	4
boarders	4
budge	4
tranquil	4
becalmed	4
fires	4
belief	4
induced	4
model	4
grapes	4
principal	4
shallow	4
tragic	4
design	4
pages	4
patience	4
exclamations	4
eastern	4
cheerily	4
careless	4
helplessly	4
gothic	4
contribute	4
noses	4
devouring	4
ale	4
graceful	4
physical	4
trust	4
affectionate	4
infallible	4
crazed	4
serenely	4
contrived	4
statement	4
brisk	4
net	4
nominally	4
rendering	4
tools	4
prometheus	4
counsel	4
continent	4
puffing	4
earthquake	4
sheep	4
disdain	4
pleated	4
gorgeous	4
fastening	4
scores	4
benefit	4
fountains	4
planting	4
destroy	4
adapted	4
allies	4
laborers	4
sabbee	4
reverence	4
redness	4
whereof	4
classification	4
stages	4
distended	4
tread	4
deer	4
lightnings	4
intensely	4
propose	4
cracking	4
meditation	4
bloom	4
offering	4
hugest	4
convinced	4
marking	4
hauling	4
howl	4
examine	4
unctuousness	4
tops	4
load	4
detailed	4
reflections	4
habits	4
bubbling	4
respectively	4
socks	4
tumbling	4
desires	4
savor	4
hearties	4
plug	4
tempered	4
crowded	4
palace	4
cups	4
pounds	4
straps	4
unrestingly	4
surrounding	4
ragged	4
foundations	4
snatch	4
ebony	4
beloved	4
paintings	4
capting	4
madly	4
snugly	4
apprised	4
unworthy	4
fever	4
laborious	4
widows	4
curved	4
flows	4
agencies	4
miscellaneous	4
jamming	4
crescentic	4
announcement	4
oily	4
kitchen	4
adhering	4
prince	4
furnishing	4
branch	4
manx	4
towers	4
fetching	4
breach	4
organs	4
sees	4
striding	4
captive	4
picking	4
sticks	4
posterity	4
pod	4
sharper	4
pressure	4
betokened	4
grimly	4
vinegar	4
sufferable	4
leaks	4
mealy	4
ache	4
aunt	4
jig	4
pagoda	4
vigorously	4
claps	4
walrus	4
sermon	4
refrained	4
scraps	4
perishing	4
handling	4
regions	4
serpents	4
funeral	4
absorbed	4
sovereign	4
trod	4
speech	4
loftiest	4
bethinking	4
tranquo	4
respectfully	4
meal	4
miraculous	4
whosoever	4
heedless	4
havoc	4
linen	4
interrupted	4
plump	4
insular	4
divide	4
gladly	4
glories	4
nuee	4
reminded	4
crosswise	4
begged	4
quietude	4
stirs	4
reeling	4
stiffly	4
collapsed	4
hats	4
swearing	4
yoked	4
politely	4
washed	4
crater	4
flowing	4
ringed	4
worm	4
ascribe	4
lustre	4
untutored	4
supreme	4
unsounded	4
inferred	4
momentous	4
arrow	4
enable	4
authors	4
rattling	4
johnson	4
linked	4
denominated	4
sauntering	4
assert	4
speaks	4
stroll	4
deeps	4
castaway	4
ignorantly	4
insure	4
jupiter	4
alleged	4
coach	4
clothed	4
test	4
sire	4
desist	4
natur	4
hopes	4
wad	4
propontis	4
invariable	4
villages	4
awakened	4
enterprise	4
admitted	4
exist	4
motives	4
esteem	4
glow	4
grampus	4
nation	4
cadiz	4
conceivable	4
insisted	4
forthwith	4
reveal	4
insurance	4
buoyancy	4
triumph	4
necks	4
apparent	4
peered	4
tawny	4
outline	4
multitude	4
christendom	4
twisting	4
satisfaction	4
fishers	4
ringing	4
gleams	4
glowing	4
incessantly	4
render	4
arising	4
gravity	4
research	4
absolute	4
exists	4
revolve	4
dimensions	4
suspend	4
quill	4
biting	4
iceland	4
badly	4
sprinkled	4
apple	4
diminish	4
glassy	4
maritime	4
peaceable	4
viewed	4
brine	4
affect	4
primal	4
significantly	4
personal	4
spasmodically	4
accidentally	4
retreated	4
backing	4
elapsed	4
varying	4
nautical	4
mortar	4
relaxed	4
pondered	4
verily	4
imagine	4
disengaged	4
beaver	4
vest	4
spectacles	4
italian	4
justice	4
shout	4
bankrupt	4
succeed	4
composing	4
tendons	4
hebrew	4
store	4
escaping	4
begun	4
ours	4
require	4
tropics	4
stem	4
class	4
mirror	4
succession	4
scolding	4
profundities	4
nurtured	4
paddle	4
comprising	4
studying	4
marvelled	4
prospects	4
distracted	4
reversed	4
rough	4
corporeal	4
overheard	4
starts	4
vertebra	4
slanting	4
monomania	4
button	4
moves	4
langsdorff	4
purchased	4
sabbath	4
intuitions	4
address	4
halting	4
swears	4
impious	4
failed	4
relics	4
spikes	4
cistern	4
winged	4
begging	4
hosea	4
observation	4
generic	4
attacked	4
stained	4
shifting	4
countries	4
knights	4
spermacetti	4
cant	4
crow	4
parchment	4
drawings	4
cachalot	4
guns	4
warrior	4
flowed	4
eve	4
supposition	4
maelstrom	4
mutiny	4
tale	4
successfully	4
expect	4
profit	4
suspicion	4
pry	4
nobler	4
summoned	4
hearses	4
snapping	4
gets	4
humane	4
desolate	4
missionary	4
riddle	4
idiot	4
clap	4
drags	4
hissing	4
chancing	4
meridians	4
stagger	4
charitable	4
sheath	4
fuel	4
fought	4
tenth	4
tasted	4
headway	4
explained	4
wrecks	4
assume	4
perchance	4
glared	4
corners	4
goat	4
rubbing	4
scar	4
pasture	4
streams	4
stir	4
nonsense	4
strangest	4
inert	4
dreaded	4
plumage	4
burns	4
professor	4
ottoman	4
crystal	4
condemned	4
oftener	4
divers	4
brick	4
wrest	4
stated	4
reputation	4
issue	4
darts	4
driver	4
statements	4
penny	4
severest	4
threatened	4
venetian	4
vapors	4
gills	4
toiling	4
deity	4
meanings	4
oldest	4
thomas	4
disposed	4
understanding	4
assist	4
washington	4
disaster	4
gin	4
eddying	4
restless	4
stationary	4
sinners	4
whereon	4
imposing	4
chewed	4
strict	4
burial	4
wondering	4
respective	4
fathers	4
examples	4
career	4
experiment	4
danish	4
wives	4
club	4
tallow	4
willing	4
endeavors	4
shed	4
astonished	4
neighboring	4
fullest	4
doctors	4
buckle	4
linnus	4
longing	4
veritable	4
gable	4
reasoning	4
embraced	4
manifested	4
cables	4
sulky	4
wriggling	4
addressing	4
regal	4
friendly	4
peddling	4
fossil	4
philosopher	4
parcel	4
muskets	4
tumble	4
compact	4
ceaseless	4
limber	4
contracted	4
artist	3
screwing	3
emir	3
repast	3
clue	3
affection	3
fog	3
choked	3
furnace	3
impaling	3
duplicate	3
ambiguous	3
chambers	3
stealing	3
endeavored	3
shovel	3
pledge	3
triumphant	3
prize	3
repentance	3
naval	3
treatise	3
wouldst	3
flashed	3
castle	3
purposely	3
azores	3
reaped	3
sculptured	3
cheerless	3
standard	3
frequent	3
brigs	3
brings	3
contour	3
openly	3
grazed	3
mogul	3
advocate	3
praying	3
ambitious	3
fossils	3
uncomfortable	3
battery	3
surmises	3
indiscriminately	3
variously	3
levels	3
metal	3
scatter	3
pupella	3
jonas	3
dandy	3
weighed	3
weighing	3
streamed	3
forenoon	3
horribly	3
deliriously	3
slit	3
impressed	3
insignificant	3
abominable	3
lunging	3
forbearance	3
inlaid	3
verbally	3
untouched	3
leo	3
drives	3
cells	3
whispers	3
dent	3
decline	3
occupation	3
clock	3
glen	3
aries	3
measures	3
methodic	3
hero	3
rampart	3
helmeted	3
maxim	3
collectively	3
mode	3
ineffable	3
abandon	3
favor	3
testimony	3
consort	3
tingling	3
appalled	3
radiating	3
tension	3
visiting	3
trailing	3
mathematical	3
maw	3
twig	3
belike	3
barbarians	3
likes	3
hackluyt	3
gamy	3
cetus	3
consequent	3
churned	3
oft	3
illuminated	3
jones	3
consume	3
april	3
maker	3
masoned	3
layers	3
inconsiderable	3
latest	3
annual	3
fights	3
helmet	3
defy	3
abide	3
smelling	3
livers	3
hap	3
count	3
elevating	3
balancing	3
surging	3
accuracy	3
presbyterian	3
elucidated	3
papered	3
spans	3
perches	3
tightly	3
spots	3
counterpart	3
twelvemonth	3
cocks	3
perform	3
diverged	3
consisting	3
ton	3
trail	3
stript	3
smelt	3
spasmodic	3
acted	3
soldiers	3
squire	3
capricious	3
nod	3
lawyers	3
profits	3
unhinged	3
smoothe	3
ascendency	3
ominous	3
indications	3
background	3
fangs	3
forks	3
cetacean	3
keeled	3
shares	3
castaways	3
joist	3
gilded	3
deformed	3
inwards	3
theme	3
rejoined	3
soothing	3
slumbers	3
deserved	3
issuing	3
drenched	3
enlarge	3
legendary	3
sport	3
joes	3
cathedral	3
subdued	3
decently	3
anxiety	3
prodigies	3
descent	3
twos	3
frigate	3
oysters	3
hoe	3
beards	3
consecutive	3
reservoir	3
established	3
substantial	3
recoil	3
summary	3
inhale	3
hermit	3
estimated	3
capacity	3
vacancy	3
tuileries	3
leisure	3
embrace	3
specimens	3
basis	3
fluttering	3
columns	3
fritters	3
fearfulness	3
berry	3
repairing	3
buckskin	3
concrete	3
weep	3
tailed	3
dives	3
outrageous	3
noah	3
ensuing	3
assigned	3
obscured	3
riding	3
perplexity	3
startling	3
applicable	3
ringleader	3
portable	3
miserably	3
meetings	3
gore	3
commentaries	3
estimation	3
immovable	3
rainbows	3
carelessly	3
evangelists	3
penetrate	3
duck	3
frankly	3
presumption	3
insect	3
prosecution	3
knight	3
democracy	3
baltic	3
establish	3
sinews	3
diet	3
impenetrable	3
hooped	3
breed	3
preserving	3
leads	3
shun	3
tents	3
handles	3
uniform	3
hampshire	3
selection	3
peaks	3
sayest	3
imputed	3
lionel	3
exterior	3
plains	3
insertion	3
swelling	3
cobbling	3
sheeted	3
congregational	3
dreadfully	3
stabbing	3
inboard	3
whips	3
blackstone	3
candidate	3
impersonal	3
appetite	3
steamer	3
whit	3
cargo	3
vowed	3
drunken	3
sweat	3
abound	3
grove	3
inns	3
blacksmiths	3
excellence	3
feathers	3
tricks	3
stunsail	3
lard	3
warden	3
siamese	3
writers	3
satisfactory	3
gales	3
developed	3
agency	3
exercise	3
plucked	3
asiatic	3
salutation	3
snatches	3
directing	3
rheumatic	3
suns	3
aim	3
floundered	3
gaping	3
merit	3
operations	3
warped	3
circling	3
gregarious	3
psalmody	3
incarnate	3
hyena	3
gallied	3
unattended	3
wantest	3
hummed	3
fleets	3
risen	3
dolphins	3
vulture	3
dining	3
magnet	3
concentric	3
error	3
crippled	3
rules	3
ee	3
genuine	3
drifted	3
sensation	3
hollows	3
drifting	3
moral	3
preacher	3
extensive	3
fry	3
longest	3
tinker	3
grounded	3
unfathomable	3
malady	3
pooh	3
bigness	3
essential	3
pecks	3
bleeding	3
appal	3
furnishes	3
oblong	3
historian	3
belshazzar	3
rags	3
neat	3
weedy	3
emerge	3
meddling	3
notorious	3
interchange	3
clutched	3
indefinitely	3
burglar	3
teaches	3
waiting	3
determinate	3
proportions	3
relieve	3
tying	3
isinglass	3
attacks	3
withdrew	3
baling	3
apoplexy	3
undulating	3
elbowed	3
lacpde	3
pout	3
unobserved	3
consist	3
unerring	3
juicy	3
retreats	3
performing	3
tapping	3
abundant	3
periodically	3
forbidding	3
purest	3
constellation	3
chests	3
halls	3
bulky	3
capsizing	3
miseries	3
busily	3
sow	3
religions	3
broiled	3
vow	3
unquestionable	3
mistaking	3
ordinarily	3
immaculate	3
arrested	3
badge	3
stubbs	3
effeminacy	3
guided	3
falls	3
handsome	3
rusty	3
purplish	3
edges	3
adamite	3
palmy	3
befell	3
passionate	3
brig	3
peruvian	3
route	3
unabated	3
altered	3
natives	3
skrimshander	3
majority	3
wallow	3
adding	3
devious	3
jar	3
prudential	3
snodhead	3
infatuated	3
casualty	3
travellers	3
emergencies	3
mouse	3
disabled	3
casts	3
facetious	3
ride	3
physiognomically	3
mule	3
card	3
metropolitan	3
circus	3
prevail	3
altitude	3
uncivilized	3
spire	3
noblest	3
idolator	3
throbbing	3
allured	3
allow	3
liberal	3
romish	3
admire	3
motive	3
cleat	3
desirable	3
proof	3
press	3
rigger	3
method	3
admirals	3
wearied	3
undressed	3
married	3
errors	3
settling	3
daft	3
puts	3
scanning	3
eddies	3
tit	3
avenues	3
beds	3
glistened	3
vacantly	3
bulls	3
males	3
paying	3
whispering	3
secondly	3
embellished	3
feather	3
chopping	3
keenly	3
embarked	3
stamp	3
romans	3
casket	3
insulted	3
tucked	3
terrify	3
abraham	3
leyden	3
succor	3
reefed	3
rap	3
voyagings	3
glades	3
feed	3
starry	3
mouthfuls	3
pollard	3
diamond	3
proposed	3
eaten	3
shone	3
tip	3
alexander	3
alps	3
hamper	3
satin	3
longitudes	3
articulated	3
rover	3
mishap	3
laughs	3
resembled	3
rivers	3
extremely	3
turk	3
harris	3
befallen	3
ignoble	3
arts	3
glossy	3
flexible	3
constantinople	3
pelt	3
unpleasant	3
shrieking	3
joyously	3
sledge	3
demanding	3
ruddy	3
hapless	3
rat	3
toed	3
supremacy	3
godly	3
descrying	3
particle	3
untoward	3
local	3
personified	3
breeds	3
showers	3
vultures	3
dominion	3
wealth	3
retiring	3
jerked	3
array	3
almanack	3
muster	3
tens	3
hides	3
proprietors	3
fork	3
desperado	3
distress	3
cheeked	3
peddler	3
prows	3
wards	3
seethe	3
slumbering	3
poised	3
stare	3
poets	3
stash	3
agonizing	3
bank	3
bashee	3
mundane	3
pines	3
forlorn	3
floundering	3
seriously	3
whim	3
separating	3
unfrequently	3
drowning	3
gladness	3
crozetts	3
mountainous	3
paul	3
bower	3
bells	3
dreamed	3
sings	3
powerful	3
tumult	3
vi	3
weeping	3
poky	3
selecting	3
bitterly	3
firmament	3
dodge	3
preparation	3
epidemic	3
punishment	3
authentic	3
gather	3
sworn	3
unbroken	3
possessing	3
unerringly	3
positive	3
quakers	3
firmness	3
joyful	3
weltering	3
nursing	3
chicha	3
distinctions	3
rounds	3
catastrophe	3
averted	3
joists	3
peaked	3
evangelist	3
calking	3
snugness	3
accordance	3
medicine	3
cordage	3
martial	3
evermore	3
wheelbarrow	3
topsails	3
morbidness	3
width	3
silken	3
surmise	3
embodiment	3
tiles	3
faintly	3
glare	3
forging	3
juggling	3
hazard	3
magnifying	3
denoted	3
unrelieved	3
ticklish	3
exalted	3
accumulated	3
unceasingly	3
minutest	3
holloa	3
cruisers	3
plantation	3
inquire	3
ghostly	3
sands	3
intensified	3
composed	3
incommunicable	3
terra	3
slope	3
scare	3
lovers	3
holder	3
hoofs	3
dubious	3
unprecedented	3
kindness	3
absurd	3
wrenching	3
barren	3
kelson	3
joky	3
essays	3
vigilant	3
mess	3
neighbors	3
lunacy	3
details	3
consuming	3
withal	3
dug	3
relinquish	3
periods	3
vanity	3
insane	3
beats	3
unprovided	3
madman	3
sanity	3
appellation	3
fragments	3
crisp	3
expanse	3
agents	3
planet	3
inscriptions	3
calabash	3
effectually	3
sciences	3
pronouncing	3
hunks	3
spin	3
sicilian	3
sob	3
boneless	3
displayed	3
copied	3
gomorrah	3
hues	3
trampling	3
choking	3
transferred	3
flowery	3
cotton	3
furlongs	3
sporty	3
invaluable	3
implements	3
staggered	3
request	3
pouring	3
individuality	3
spokes	3
royals	3
fired	3
comprises	3
narrowly	3
olive	3
barnacled	3
lumber	3
vibrated	3
strait	3
gor	3
frightful	3
gifted	3
denying	3
shabby	3
pricking	3
clifford	3
fumbling	3
vault	3
flooded	3
plum	3
surpasses	3
whelmed	3
college	3
agreed	3
nice	3
portions	3
ungodly	3
roof	3
urged	3
projected	3
origin	3
practically	3
restored	3
screws	3
idleness	3
hostile	3
nearing	3
posted	3
unheeded	3
tending	3
typhoons	3
thorough	3
purely	3
gift	3
exhaled	3
map	3
joyous	3
plumed	3
vertically	3
mute	3
hall	3
dong	3
solace	3
ranks	3
prophets	3
formations	3
sperma	3
twitched	3
tablet	3
triumphantly	3
retreating	3
shocking	3
hurricane	3
manhandle	3
mosses	3
tusked	3
precision	3
flurry	3
shalt	3
hiding	3
text	3
roots	3
albino	3
comparing	3
obed	3
pitiful	3
slumber	3
flights	3
lees	3
proportion	3
folding	3
districts	3
hairy	3
hawks	3
tragedy	3
injustice	3
rallied	3
bestirred	3
tarpaulins	3
views	3
impatiently	3
righteous	3
infancy	3
fejee	3
deficiency	3
signing	3
oaks	3
beaches	3
foaming	3
quiver	3
charmed	3
gash	3
rum	3
sold	3
substantiated	3
british	3
humph	3
unmanufactured	3
stolen	3
causes	3
enormousness	3
pastures	3
telescope	3
fools	3
appetites	3
fruit	3
inmates	3
expatiate	3
priority	3
researches	3
outset	3
worsted	3
necessitates	3
yelling	3
aloud	3
smoky	3
sculpture	3
plaster	3
graze	3
scale	3
marling	3
mexico	3
threatening	3
cinque	3
pantry	3
depends	3
yielding	3
frighted	3
vivacious	3
usurpation	3
legged	3
vane	3
ray	3
syrian	3
average	3
groaned	3
bison	3
sheaves	3
temper	3
boasted	3
enemy	3
progression	3
receives	3
skylarking	3
squaring	3
cuts	3
squared	3
plant	3
celerity	3
crouching	3
permit	3
purporting	3
stolidity	3
respectable	3
essex	3
mallet	3
hug	3
villains	3
sentry	3
sinful	3
impetuously	3
girdled	3
rhyme	3
sultry	3
grooves	3
landscape	3
notes	3
jollies	3
undulated	3
scheme	3
conveys	3
eddy	3
extinct	3
characteristics	3
stowed	3
grego	3
noted	3
recognition	3
guise	3
broom	3
marines	3
sharing	3
maybe	3
symmetrical	3
overtake	3
preparing	3
underneath	3
processions	3
malignity	3
nurse	3
sweetness	3
athirst	3
persuade	3
confluent	3
timely	3
resort	3
forgot	3
clams	3
diver	3
hosts	3
idle	3
braided	3
concert	3
planets	3
mutually	3
jesty	3
humbug	3
rubbed	3
dint	3
dromedary	3
attained	3
flakes	3
hideousness	3
ibid	3
threes	3
crisis	3
absolutely	3
hilarious	3
resides	3
soapstone	3
arose	3
bleached	3
spake	3
complied	3
hiss	3
afresh	3
ceti	3
refer	3
villanous	3
commercial	3
puzzled	3
misery	3
stating	3
closet	3
capsized	3
vale	3
sloping	3
muteness	3
hundredth	3
cubic	3
emptied	3
dipping	3
applies	3
tantalizing	3
robe	3
combing	3
calendar	3
begat	3
kindly	3
trump	3
angular	3
dome	3
slides	3
profoundly	3
dazzling	3
horseman	3
soot	3
tremulous	3
seam	3
grope	3
actual	3
inordinate	3
necessities	3
filed	3
annihilation	3
qualified	3
springs	3
thundering	3
vehemently	3
poke	3
holiest	3
dairy	3
tartar	3
brass	3
solve	3
repair	3
childhood	3
mending	3
stalk	3
whew	3
restricted	3
practised	3
buy	3
preluding	3
antediluvian	3
astir	3
beg	3
paddled	3
survived	3
weighty	3
lodge	3
warmth	3
disposition	3
travelled	3
liable	3
intimate	3
crane	3
taught	3
buoyed	3
malignant	3
securely	3
colonies	3
coopers	3
callest	3
brim	3
bark	3
earnestness	3
measurement	3
minus	3
cared	3
verdant	3
conceived	3
exhibited	3
phrenologically	3
spike	3
truest	3
shuddered	3
penetrated	3
cares	3
circumnavigation	3
eats	3
sooty	3
colorless	3
represented	3
cakes	3
hurriedly	3
unmindful	3
letting	3
murdering	3
demon	3
barbarous	3
invoking	3
incapable	3
deserves	3
invoked	3
alternately	3
strangeness	3
amsterdam	3
sharkish	3
loved	3
windsor	3
musky	3
sturgeon	3
chowders	3
shipwrecked	3
sheer	3
subterraneous	3
goblets	3
distantly	3
crimson	3
accompaniments	3
cubs	3
noteworthy	3
obtain	3
bandaged	3
acts	3
bands	3
comprehensiveness	3
unreasoning	3
pairs	3
decision	3
promised	3
disappears	3
purposes	3
corroded	3
justly	3
similitude	3
jeopardized	3
unsupplied	3
ate	3
hospital	3
hop	3
appointed	3
effaced	3
royalty	3
assembled	3
cure	3
handing	3
divulged	3
dodging	3
tom	3
recovery	3
ant	3
downcast	3
yawned	3
tribes	3
mutter	3
satisfy	3
flourished	3
subtile	3
variety	3
studded	3
convulsively	3
ornamented	3
poetic	3
durst	3
paved	3
edition	3
worshipped	3
sideboard	3
asserted	3
fronts	3
apprehensions	3
superb	3
natured	3
repugnance	3
later	3
rider	3
demoniac	3
strand	3
remainder	3
accelerate	3
suspect	3
subordinate	3
riggers	3
degenerated	3
foundering	3
boisterous	3
dial	3
perry	3
oblique	3
uncounted	3
capital	3
humanity	3
labrador	3
sunwards	3
discharged	3
clothing	3
mole	3
yankees	3
shaded	3
disappearing	3
rival	3
luff	3
manifold	3
moth	3
sharply	3
crunched	3
valor	3
instrument	3
providence	3
ado	3
effort	3
jewelled	3
knock	3
tornadoes	3
mayhap	3
icelandic	3
terminating	3
conquered	3
massachusetts	3
contradictory	3
bliss	3
counter	3
deaf	3
packet	3
devices	3
neutral	3
appearing	3
inseparable	3
visitors	3
housings	3
infiltrated	3
inflicted	3
trade	3
creaking	3
continuing	3
treat	3
grating	3
actively	3
fancies	3
umbrella	3
abhorred	3
ross	3
warriors	3
bended	3
pitiable	3
tickled	3
nursery	3
diameter	3
haunts	3
effected	3
disastrous	3
deliver	3
national	3
serpent	3
fading	3
confined	3
odorous	3
delicious	3
hee	3
movements	3
deem	3
routed	3
enabled	3
whirlpool	3
anger	3
treats	3
knowingly	3
shears	3
knots	3
sulk	3
despairing	3
supplies	3
quoted	3
cease	3
boilers	3
chosen	3
trial	3
annals	3
unsavory	3
premises	3
mincing	3
turbaned	3
spat	3
delivery	3
belted	3
gallery	3
twist	3
perceiving	3
crabs	3
icebergs	3
lords	3
replacing	3
industry	3
whaleboats	3
temperate	3
lubber	3
calves	3
labyrinth	3
skilfully	3
declares	3
superfluous	3
inherent	3
admits	3
acres	3
sore	3
uttered	3
specksnyder	3
smacking	3
alow	3
misgivings	3
coupled	3
genius	3
eluded	3
charley	3
disappointed	3
expiring	3
unwaning	3
abated	3
sal	3
eternities	3
kinds	3
mutineer	3
deadliest	3
enrolled	3
glimmer	3
bumpkin	3
victim	3
plying	3
aromatic	3
expressive	3
brows	3
substitute	3
hearken	3
concealed	3
comprehension	3
brilliancy	3
boughs	3
pinioned	3
aggregate	3
shank	3
prevailed	3
canted	3
answers	3
waste	3
fist	3
refill	3
inclosed	3
stab	3
scythes	3
queerest	3
suspects	3
mask	3
plunge	3
cottage	3
lakes	3
rad	3
tahitian	3
wildness	3
revelation	3
frigid	3
paw	3
granite	3
soaked	3
proudly	3
stillness	3
procession	3
equality	3
scraped	3
wrench	3
district	3
based	3
capitals	3
declaring	3
foundation	3
hip	3
crowned	3
prying	3
crowning	3
nooks	3
perfect	3
tanning	3
forbear	3
nimble	3
grateful	3
earned	3
angles	3
security	3
deified	3
thunders	3
becoming	3
jenny	3
cetacea	3
diffused	3
forces	3
coats	3
retribution	3
playful	3
sequel	3
pays	3
lowest	3
lazy	3
commands	3
outright	3
pint	3
hush	3
drove	3
gathering	3
solitude	3
credit	3
collateral	3
yawning	3
extant	3
carriage	3
argue	3
cranes	3
annihilated	3
exhaustion	3
whittling	3
illinois	3
pyramids	3
nelson	3
intervening	3
benediction	3
stormy	3
eber	3
zones	3
cream	3
repeatedly	3
throws	3
dons	3
wintry	3
dramatic	3
thrasher	3
poisonous	3
egypt	3
elusive	3
fleetness	3
vices	3
germans	3
maintaining	3
sped	3
henry	3
suspending	3
sustained	3
reign	3
wages	3
wraps	3
methodically	3
implement	3
prejudices	3
isolation	3
grizzled	3
confusion	3
opine	3
staves	3
describe	3
gloomily	3
sighted	3
bowlines	3
mustering	3
ambition	3
merged	3
tows	3
forcibly	3
recognized	3
primitive	3
limping	3
halyards	3
statue	3
jammed	3
cough	3
progeny	3
ingenious	3
antilles	3
tongues	3
brighter	3
travels	3
roast	3
mouthful	3
scornful	3
miriam	3
pregnant	3
rot	3
borrowed	3
robustness	3
edmund	3
seaport	3
handy	3
mentioning	3
weariness	3
parson	3
arsacides	3
keenest	3
membrane	3
dipped	3
formation	3
puzzle	3
gardens	3
ruthless	3
charger	3
evince	3
marbles	3
averages	3
clinch	3
greenness	3
sap	3
epaulets	3
yoke	3
snuffing	3
figured	3
vindictive	3
cripple	3
vesture	3
conversed	3
warn	3
heathen	3
towering	3
continents	3
wade	3
wedged	3
meadows	3
muscle	3
shaft	3
oxen	3
folks	3
digger	3
outstretched	3
mississippi	3
fortunes	3
tribute	3
honey	3
drought	3
warnings	3
yields	3
baked	3
elasticity	3
loading	3
vanished	3
clinched	3
duties	3
habit	3
decapitated	3
enveloping	3
correspond	3
involuntary	3
comfortably	3
intricate	3
hoky	3
certainty	3
performances	3
responded	3
cities	3
grain	3
abreast	3
fault	3
chairs	3
bearers	3
female	3
pearl	3
delay	3
thrusts	3
gurgling	3
punchbowl	3
resolution	3
robust	3
gaff	3
famed	3
connecting	3
selected	3
deuteronomy	3
danced	3
tranced	3
mout	3
shine	3
beak	3
endangered	3
dusty	3
baptized	3
seasoned	3
parliament	3
pulse	3
senor	3
ohio	3
population	3
treasures	3
wrote	3
ample	3
envelope	3
bleak	3
gorge	3
direst	3
misty	3
doomed	3
sundry	3
skewer	3
foreboding	3
mockery	3
prouder	3
arrangement	3
quito	3
lexicon	3
calms	3
cherished	3
rebellion	3
quoin	3
orange	3
signals	3
intermediate	3
offers	3
hove	3
african	3
prodigy	3
pantaloons	3
girdle	3
flourish	3
massa	3
unwittingly	3
portuguese	3
savory	3
highland	3
sprained	3
bald	3
drugg	3
semicircular	3
audacity	3
requiem	2
outlast	2
surrounds	2
tombed	2
rides	2
investing	2
basketed	2
kiss	2
doxology	2
riots	2
weed	2
trembles	2
pecking	2
omniscient	2
goodly	2
lowers	2
clanged	2
pioneer	2
castor	2
manipulated	2
wakeful	2
deftly	2
absorbing	2
passes	2
doctor	2
seizings	2
palsy	2
waned	2
sheaved	2
ass	2
discoverer	2
microscopic	2
hospitality	2
hospitals	2
arguments	2
waits	2
cheap	2
unnearable	2
fairy	2
hypothesis	2
trappers	2
siam	2
biscuits	2
inter	2
delirious	2
haze	2
formal	2
bestow	2
marched	2
exulting	2
crocodile	2
skilful	2
nightmare	2
housekeeping	2
sneezing	2
crash	2
bounds	2
leering	2
interposed	2
befriend	2
slouching	2
incarnation	2
overladen	2
adoration	2
casual	2
hurt	2
surviving	2
povelson	2
orlop	2
transient	2
constrained	2
slacked	2
caulk	2
intellect	2
enhances	2
poltroon	2
topsail	2
traces	2
battalions	2
draughts	2
igniting	2
causing	2
exhale	2
growth	2
toilet	2
recumbent	2
deserts	2
ignited	2
caution	2
jingling	2
unduly	2
garnished	2
tigris	2
evaporate	2
freshets	2
museum	2
overlooked	2
shetland	2
cruisings	2
momentum	2
surtout	2
symmetrically	2
jam	2
distension	2
stray	2
whither	2
cows	2
hover	2
decay	2
warehouses	2
greece	2
immortality	2
woodlands	2
mistifying	2
steal	2
distressed	2
bristles	2
beads	2
trinity	2
bridges	2
regards	2
code	2
nonce	2
vomit	2
slips	2
engage	2
stiggs	2
prehensile	2
shining	2
enjoying	2
obsolete	2
portcullis	2
exceeded	2
beggars	2
shocks	2
gates	2
tweezers	2
stoutest	2
heavers	2
tack	2
sagittarius	2
charted	2
vines	2
wisest	2
glide	2
images	2
harp	2
females	2
impenitent	2
morn	2
clubbed	2
uneasy	2
mower	2
frosts	2
citations	2
total	2
quickening	2
razors	2
provide	2
pacifics	2
giants	2
indirect	2
enlist	2
blame	2
moot	2
canals	2
transpointed	2
understood	2
rim	2
ardor	2
husband	2
strives	2
measuring	2
excavating	2
belfry	2
entreaties	2
rehearsing	2
tarpaulin	2
gemini	2
adopted	2
consistence	2
visibly	2
swamps	2
dusk	2
employs	2
sparks	2
physeter	2
dainty	2
surplus	2
cosmetic	2
davis	2
morsel	2
armor	2
climbing	2
skelter	2
worshippers	2
pleadings	2
blinded	2
rev	2
tellest	2
propensity	2
peaking	2
sixth	2
hose	2
liked	2
alarms	2
bravely	2
extremities	2
resentment	2
nourishment	2
stilly	2
domineering	2
extremest	2
obeyed	2
weakness	2
syren	2
lipped	2
diabolism	2
critically	2
pestilent	2
concernment	2
lump	2
resolutely	2
hinges	2
obligations	2
prominence	2
bedded	2
collection	2
unrivalled	2
undisputed	2
incorporate	2
voids	2
gaped	2
denote	2
imperilled	2
acquired	2
sculptures	2
fabled	2
disdained	2
stripping	2
uneasiness	2
required	2
slopes	2
livelihood	2
rattler	2
anticipation	2
bristling	2
prices	2
strides	2
strife	2
delighted	2
pouch	2
navel	2
vent	2
opulent	2
sanctified	2
sepulchre	2
inform	2
exhibiting	2
assures	2
pallidness	2
riddles	2
insensibly	2
pierce	2
favoring	2
marred	2
humiliation	2
stubbornly	2
teachings	2
delineations	2
amazingly	2
reasonably	2
heated	2
intercepted	2
indefatigable	2
handspike	2
rally	2
resume	2
reverie	2
cramped	2
oughts	2
heavier	2
mane	2
dictating	2
candelabra	2
unwinding	2
expressing	2
judiciously	2
apothecary	2
irritated	2
roods	2
overflowing	2
faintest	2
rokovoko	2
whitened	2
mason	2
gamming	2
aquarius	2
shinbones	2
bust	2
thunderbolts	2
proprietor	2
jealous	2
hogshead	2
covers	2
admitting	2
solved	2
awaited	2
exception	2
extinction	2
sentimental	2
continues	2
severed	2
decanter	2
cruellest	2
pulverize	2
incline	2
brawn	2
egotistical	2
poet	2
confidently	2
memoirs	2
theology	2
richard	2
rafters	2
partaking	2
overlapping	2
feeble	2
unreasonable	2
cellar	2
conceive	2
lookest	2
brotherhood	2
bales	2
tranquillize	2
fa	2
bustle	2
reminiscence	2
renounce	2
exiled	2
condescension	2
diabolical	2
scepticism	2
noises	2
rumpled	2
tink	2
flea	2
expectant	2
bantering	2
breeding	2
respecting	2
insurgents	2
speculations	2
nat	2
rammed	2
bitts	2
heighten	2
granted	2
judging	2
foreheads	2
beefsteaks	2
nathan	2
wasting	2
malacca	2
diversion	2
fanning	2
hued	2
mahogany	2
mistakes	2
cocoanuts	2
shunned	2
obedient	2
fitful	2
delightfully	2
lawless	2
saws	2
monsieurs	2
apparelled	2
shouldered	2
unicorn	2
defile	2
injury	2
dreaminess	2
hitting	2
unfrequent	2
deception	2
mocking	2
dilated	2
deliverer	2
imperfect	2
ballasted	2
cringing	2
thoroughly	2
cringed	2
hartshorn	2
sweating	2
senior	2
cheever	2
mosque	2
skirted	2
brood	2
fragmentary	2
political	2
plays	2
doorway	2
verbal	2
icicles	2
stumped	2
bland	2
suffice	2
echoed	2
pepper	2
arithmetic	2
tandem	2
luxurious	2
breaching	2
attested	2
shaved	2
lapse	2
differs	2
brigandish	2
magical	2
lounged	2
casually	2
deceitfulness	2
oppose	2
seething	2
boil	2
summers	2
richer	2
preposterous	2
masterless	2
echo	2
admiral	2
occurrence	2
sluggish	2
tepid	2
diddled	2
mightier	2
per	2
avail	2
piazza	2
cruises	2
resolve	2
pea	2
constitution	2
poising	2
possibilities	2
vedas	2
conjoined	2
scholars	2
expensive	2
stung	2
humility	2
lucifer	2
evidence	2
multitudinous	2
bind	2
marry	2
departure	2
bigger	2
fearfully	2
thread	2
pilgrim	2
torrent	2
buckler	2
brooding	2
attendant	2
cascade	2
rests	2
sleek	2
hawaiian	2
integral	2
distrusting	2
psalms	2
whisker	2
carted	2
hoof	2
digestion	2
terraces	2
upheld	2
discount	2
egress	2
lieu	2
wolves	2
engines	2
expectantly	2
straw	2
mazes	2
partners	2
characteristic	2
livid	2
tenderly	2
lifts	2
sheepfold	2
gunpowder	2
current	2
salisbury	2
cautiously	2
offices	2
banished	2
innumerable	2
siberia	2
arc	2
confused	2
patchwork	2
arise	2
splinter	2
slaves	2
spool	2
frightens	2
famine	2
midships	2
fobbing	2
companion	2
architects	2
swaths	2
speakest	2
docile	2
obscurely	2
bodiless	2
drat	2
labors	2
longingly	2
coolness	2
warring	2
relation	2
destitute	2
lithe	2
blooded	2
doubting	2
greeted	2
exclusiveness	2
wolfish	2
bluish	2
cling	2
spoons	2
wonted	2
allowance	2
macy	2
peg	2
eludes	2
dere	2
unclad	2
narrating	2
gripe	2
prevented	2
raiment	2
thinkings	2
jail	2
dwelling	2
resplendent	2
careens	2
ruefully	2
continental	2
brushed	2
moses	2
commonplaces	2
conception	2
brushing	2
recklessness	2
complimented	2
crutch	2
seaward	2
discernment	2
questioned	2
contemplative	2
expansive	2
shaster	2
unaccountably	2
contrivance	2
mottled	2
insomuch	2
exasperating	2
necessitated	2
sibbald	2
bonnet	2
volcanoes	2
renders	2
multiplicity	2
et	2
essentially	2
tearless	2
misanthropic	2
pluck	2
goal	2
friendship	2
fiftieth	2
expedition	2
soar	2
unseasonable	2
elegant	2
peninsula	2
unspeakably	2
inculcating	2
happiness	2
solicitude	2
styled	2
bride	2
natures	2
emblematical	2
cassock	2
faithfulness	2
gospel	2
molasses	2
crawled	2
happier	2
painfully	2
undaunted	2
inexorable	2
colnett	2
spiralling	2
kith	2
combat	2
untravelled	2
wires	2
complement	2
gravely	2
drank	2
emphasis	2
steerer	2
brothers	2
boomer	2
cousin	2
privileges	2
sofa	2
lookouts	2
unsuspected	2
shrivelled	2
babel	2
kink	2
slighter	2
chatting	2
boiler	2
steeply	2
fossiliferous	2
isolatoes	2
contributes	2
ablutions	2
abridged	2
brand	2
chestnuts	2
investiture	2
babies	2
vein	2
cautiousness	2
supplemental	2
objections	2
mysticetus	2
quebec	2
scan	2
ledge	2
device	2
quadruped	2
resembles	2
pretending	2
hobbling	2
completion	2
adjoining	2
pent	2
purchas	2
grecian	2
disobedience	2
edged	2
flattering	2
braced	2
continuously	2
fantastic	2
borders	2
trustworthy	2
acquaintance	2
sharpen	2
resulting	2
copestone	2
insatiate	2
clotted	2
unexpected	2
imaginary	2
consequences	2
likely	2
pillar	2
petrified	2
beech	2
soundest	2
brazil	2
unwarrantably	2
saxon	2
fleeting	2
harry	2
ordained	2
narration	2
imperturbable	2
leaf	2
employment	2
scoured	2
waistcoat	2
fabric	2
avocation	2
anomaly	2
entertaining	2
easier	2
worships	2
incantation	2
sill	2
clearly	2
weeds	2
hopeful	2
mercifully	2
injured	2
pauses	2
heedfully	2
unthinkingly	2
rainbow	2
presenting	2
opinions	2
alluring	2
nervousness	2
mene	2
anointed	2
neglected	2
righted	2
condensed	2
permanently	2
burying	2
summoning	2
pained	2
feelingly	2
trunks	2
appals	2
anomalous	2
clusters	2
dissimilar	2
spangled	2
wane	2
adequate	2
artistic	2
illustration	2
inhabitant	2
vagabond	2
resolves	2
nervously	2
rind	2
overwhelmed	2
smite	2
spacious	2
anyways	2
silk	2
suckling	2
glens	2
tuns	2
anomalously	2
vine	2
marshalled	2
meddle	2
racket	2
emerging	2
grunt	2
alter	2
pain	2
cuba	2
mackinaw	2
perceptibly	2
paints	2
auger	2
mell	2
radiance	2
nakedness	2
manage	2
nostril	2
officio	2
accomplish	2
pours	2
strands	2
recounted	2
faithfully	2
emboldened	2
enriched	2
heedfulness	2
modes	2
tormenting	2
soap	2
partner	2
joyfully	2
curds	2
mounttop	2
theoretic	2
contraction	2
afire	2
tapped	2
meridian	2
descends	2
beadle	2
bargain	2
butterfly	2
kentuckian	2
unavoidable	2
younger	2
aggregated	2
conducted	2
mortally	2
headlands	2
pronged	2
throes	2
allowing	2
charged	2
heaviest	2
temperature	2
throb	2
momentary	2
heeding	2
arises	2
subtlety	2
bleeds	2
prison	2
fainter	2
awkwardness	2
sieve	2
nourished	2
exhaust	2
bored	2
trading	2
erecting	2
archer	2
darkened	2
scholar	2
arrayed	2
inhaled	2
rudimental	2
fishing	2
inhaling	2
jacks	2
snows	2
questioning	2
lumps	2
dirty	2
outlaws	2
cleansed	2
emblem	2
bond	2
hish	2
inglorious	2
rumbling	2
suggested	2
dissect	2
cheery	2
henceforth	2
asiatics	2
thews	2
stumps	2
litter	2
claw	2
wager	2
zoology	2
semicircle	2
brandy	2
sepulchral	2
wondered	2
twins	2
washes	2
interests	2
tamely	2
ladle	2
aglow	2
watchman	2
blankness	2
saratoga	2
envelopes	2
decreed	2
pistols	2
sleepless	2
brewed	2
sustaining	2
shudderings	2
incensed	2
perdition	2
witty	2
tinkling	2
nightfall	2
devoted	2
builders	2
treasure	2
multitudinously	2
spiced	2
skipper	2
sickness	2
traps	2
bathed	2
anticipated	2
locking	2
grasshopper	2
cooke	2
overseeing	2
problems	2
opens	2
older	2
jagged	2
missouri	2
agonizingly	2
inaudible	2
tunnel	2
examined	2
overhearing	2
landless	2
precede	2
sentiment	2
lick	2
corkscrew	2
legend	2
spilling	2
perfidious	2
befall	2
gallon	2
blasphemy	2
hasty	2
junior	2
pupils	2
banked	2
irregularly	2
appeals	2
superlatively	2
frolic	2
worshipper	2
piratical	2
clattering	2
similarly	2
mutters	2
goethe	2
delivered	2
pope	2
calculation	2
remarks	2
youthful	2
subsiding	2
exchanged	2
feared	2
jetted	2
pills	2
improving	2
disposing	2
ideal	2
booming	2
destination	2
thereupon	2
fang	2
fancying	2
impertinent	2
kee	2
bundles	2
tribulations	2
condemning	2
assented	2
indication	2
slices	2
securities	2
bayonet	2
woraciousness	2
bath	2
feminine	2
ungrateful	2
tolland	2
whaleboat	2
guttural	2
carrion	2
concubines	2
meads	2
swords	2
combinations	2
loadstone	2
carve	2
hisself	2
motioned	2
hudson	2
pants	2
gentlemanly	2
conceal	2
tidy	2
pitches	2
catches	2
eleven	2
eddystone	2
impute	2
piety	2
interruptions	2
overlook	2
executed	2
broods	2
newfoundland	2
daintiest	2
tangles	2
tigers	2
canes	2
blurred	2
define	2
delightful	2
blandishments	2
sacrifice	2
calmness	2
bale	2
digesting	2
relative	2
weave	2
disagreeable	2
brittle	2
boot	2
heaped	2
bloodshot	2
writhing	2
musical	2
symptom	2
brimmed	2
indicated	2
disappearance	2
ripple	2
magazine	2
chaplain	2
admeasurements	2
bedside	2
accurately	2
anoint	2
metaphysical	2
feasts	2
externals	2
blent	2
bees	2
violets	2
pitiless	2
affidavit	2
drunk	2
ploughing	2
joker	2
sketches	2
hereupon	2
erudite	2
fuller	2
interview	2
gurglings	2
wast	2
knitting	2
plowdon	2
maned	2
apex	2
outriders	2
cocoa	2
effects	2
foolishly	2
spy	2
glorified	2
idler	2
contemplation	2
davy	2
gayer	2
comprised	2
nicely	2
hoot	2
personality	2
maimed	2
leech	2
preparations	2
prefer	2
hatchways	2
overlooking	2
flint	2
overspreading	2
canaan	2
abundantly	2
twitch	2
serving	2
moustache	2
victor	2
furnaces	2
muskiness	2
uncompromised	2
grotesque	2
ferry	2
chamber	2
shrink	2
suspense	2
warrant	2
superficial	2
phrensies	2
trophy	2
overhanging	2
unwarranted	2
traits	2
gnawed	2
turbid	2
princes	2
saint	2
gallipagos	2
von	2
sandwich	2
unbounded	2
palsied	2
monument	2
befooled	2
foiled	2
perquisites	2
discerned	2
civil	2
tin	2
dames	2
whirl	2
climbs	2
rested	2
expansion	2
income	2
information	2
presiding	2
formless	2
eel	2
extracting	2
meagre	2
airth	2
temples	2
accompany	2
kills	2
admonished	2
deliciousness	2
peels	2
alcoves	2
hieroglyphic	2
flutterings	2
smiling	2
gait	2
himmalehs	2
sharpening	2
humoredly	2
magian	2
commons	2
phrenologist	2
scratches	2
robbed	2
nick	2
thrilling	2
enemies	2
depended	2
gettest	2
scandinavian	2
cat	2
etymology	2
burke	2
lingo	2
calculate	2
site	2
profundity	2
devoutly	2
baggage	2
merman	2
presto	2
lastly	2
compliments	2
freed	2
squaw	2
gums	2
fuss	2
grimness	2
nineteenth	2
moulded	2
galliot	2
heeva	2
dardanelles	2
beckoning	2
poem	2
lurid	2
bronze	2
omens	2
compacted	2
greenhorn	2
approached	2
spying	2
unceasing	2
effulgences	2
venice	2
unaccompanied	2
scaramouch	2
basement	2
hinge	2
sage	2
gall	2
beelzebub	2
hearsed	2
bottled	2
freshet	2
buttoning	2
exclaiming	2
maze	2
grease	2
bibles	2
disobey	2
sam	2
iroquois	2
splash	2
incompatible	2
menacing	2
marine	2
curves	2
chaldee	2
wielded	2
fleecy	2
undertaken	2
profounder	2
detestable	2
exhausting	2
amplified	2
lirra	2
thoroughfares	2
populous	2
impressive	2
punctilious	2
mutely	2
wedge	2
trappings	2
piling	2
development	2
provides	2
territories	2
cronies	2
peremptory	2
peak	2
swamp	2
veriest	2
mirth	2
cowper	2
congo	2
reads	2
broadly	2
played	2
rebounds	2
gamesomeness	2
booms	2
humbly	2
claimed	2
unintermitted	2
procure	2
staving	2
concocted	2
actions	2
volumes	2
declines	2
exploit	2
mustard	2
marvel	2
physiognomical	2
cranial	2
lifelessly	2
systematic	2
xxxix	2
giant	2
constable	2
providing	2
available	2
wrapping	2
canada	2
brimstone	2
swashing	2
napkins	2
apply	2
bowditch	2
incognita	2
group	2
warming	2
strata	2
glides	2
stoutly	2
gangs	2
befel	2
faltering	2
dispersed	2
redoubled	2
strips	2
xvi	2
protracted	2
bumps	2
slap	2
alfred	2
sceptical	2
sting	2
manufactured	2
maintains	2
backbone	2
observable	2
prisoner	2
canopy	2
interlacing	2
indies	2
unshored	2
waifing	2
persisted	2
grieved	2
pens	2
rushes	2
vintages	2
dollar	2
steals	2
carriages	2
religious	2
chained	2
abashed	2
groove	2
assailants	2
porch	2
undeveloped	2
solitudes	2
sprinkling	2
palmed	2
paws	2
recurring	2
bounce	2
tantamount	2
gilt	2
affrights	2
immersed	2
salutations	2
placeless	2
hurtling	2
hovers	2
fanatic	2
morass	2
convex	2
paces	2
sustain	2
bawling	2
adult	2
triumphal	2
heeds	2
tusk	2
lung	2
prayed	2
predictions	2
sympathy	2
humble	2
glue	2
anticipatingly	2
raving	2
county	2
canaller	2
irrevocably	2
wire	2
chariot	2
wid	2
troops	2
tolerably	2
contrasted	2
offspring	2
fireboard	2
imputable	2
landlessness	2
pugnacious	2
baronial	2
deceptive	2
quivers	2
gibberish	2
sofas	2
precipitancy	2
frosted	2
ontario	2
bosoms	2
discolored	2
conveniences	2
fathom	2
almighty	2
venison	2
magnificent	2
celebrate	2
beale	2
piteous	2
starvation	2
buffaloes	2
rollicking	2
azore	2
kin	2
chronicler	2
englishmen	2
awed	2
erection	2
frigates	2
unflinching	2
bedstead	2
whitish	2
loosened	2
sociably	2
mysteriously	2
attacking	2
tetering	2
sizes	2
quaint	2
crime	2
tossings	2
brag	2
cleaving	2
frocks	2
maid	2
assertion	2
tier	2
vaulted	2
sadness	2
drowsy	2
materials	2
closing	2
belie	2
streaked	2
benches	2
colonial	2
drinks	2
dominic	2
lasted	2
secretly	2
widest	2
unfearing	2
plunder	2
hazel	2
professions	2
gasps	2
interblending	2
hen	2
irresistibly	2
pedestrian	2
ledyard	2
thorns	2
southerly	2
vexed	2
executors	2
gobern	2
repetition	2
remembering	2
hereditarily	2
wildest	2
seethings	2
pads	2
mightest	2
gainsaid	2
squint	2
leaders	2
clergy	2
swap	2
groan	2
dashes	2
grudge	2
individuals	2
cased	2
glacier	2
rejoice	2
yeast	2
folly	2
suppression	2
santa	2
boast	2
depresses	2
mummies	2
chronicled	2
holidays	2
murky	2
bamboo	2
slashing	2
doleful	2
constitutional	2
ahasuerus	2
caravan	2
designs	2
gaily	2
imbedded	2
phrensy	2
projects	2
uninterrupted	2
procopius	2
greatness	2
indestructible	2
undone	2
utilitarian	2
gorges	2
searching	2
junction	2
amours	2
cricket	2
substituting	2
committing	2
flogged	2
brooks	2
outrage	2
flogging	2
solemnity	2
memorable	2
whetstone	2
willed	2
stunsails	2
bagging	2
consorted	2
movable	2
vernal	2
scroll	2
diligent	2
fascinated	2
slew	2
oozy	2
comprehending	2
staggers	2
mists	2
renegades	2
dissembling	2
yielded	2
allude	2
unsafe	2
enderbys	2
lace	2
indolently	2
remembrance	2
heightens	2
sane	2
busks	2
beliefs	2
materially	2
totally	2
slantingly	2
sparing	2
imparted	2
wapping	2
inspire	2
subtlest	2
analogous	2
unvarying	2
guilt	2
nosegay	2
deceived	2
vivaciously	2
planing	2
crystals	2
highness	2
nile	2
strung	2
impartial	2
gritted	2
analogy	2
rosy	2
ape	2
revive	2
biggest	2
coopman	2
pyramidical	2
hopefully	2
valiantly	2
slewed	2
tracing	2
recent	2
cain	2
tumultuously	2
lanyard	2
surmisings	2
drama	2
deafened	2
toilings	2
preceded	2
wondrously	2
smeer	2
del	2
sweatings	2
tipped	2
narwhales	2
unmethodically	2
exposure	2
crab	2
unsophisticated	2
irrespective	2
pear	2
bloodthirsty	2
worst	2
secresy	2
whichever	2
slaughtered	2
virtues	2
attain	2
panelled	2
pell	2
players	2
windpipe	2
girdling	2
csar	2
pork	2
marches	2
marshal	2
dumbly	2
acre	2
fourths	2
cathedrals	2
picturesqueness	2
student	2
wading	2
curbstone	2
wool	2
sublimity	2
cadence	2
depicting	2
undeniable	2
greenish	2
brotherly	2
requisite	2
entreaty	2
destiny	2
jewel	2
livelong	2
scorch	2
astonishing	2
lashings	2
skiff	2
threading	2
respiration	2
barrens	2
subjected	2
economical	2
foreseeing	2
thousandth	2
islets	2
velvets	2
blemish	2
globules	2
undiscernible	2
freedom	2
impart	2
arisen	2
ley	2
enigmatical	2
slavish	2
rejoinder	2
impelling	2
vindictiveness	2
ferule	2
commentators	2
superstitiousness	2
bethought	2
liveliness	2
broadway	2
mills	2
cretan	2
isaiah	2
sadder	2
shrine	2
impotently	2
accessory	2
tacit	2
version	2
building	2
builded	2
limped	2
lack	2
commodores	2
casements	2
staid	2
circumstantial	2
contingency	2
etc	2
paltry	2
depression	2
seating	2
addition	2
torrid	2
sung	2
adroop	2
incorporated	2
outlets	2
awfulness	2
deeds	2
immensely	2
glaring	2
hilariously	2
disinterred	2
awoke	2
uninjured	2
comprehensive	2
planisphere	2
climates	2
entreat	2
kicks	2
revelations	2
founder	2
failures	2
anonymous	2
surgeons	2
inferiority	2
snaky	2
strewn	2
engraved	2
jury	2
lordly	2
sighed	2
lavater	2
merrily	2
concreted	2
unvitiated	2
repeat	2
smut	2
bennett	2
painter	2
rag	2
pursue	2
delusion	2
skirra	2
sultanism	2
foreshadowing	2
gouge	2
sphere	2
esquimaux	2
seer	2
honors	2
circlings	2
zeal	2
puzzling	2
disgust	2
decanting	2
warehouse	2
peradventure	2
owning	2
prefers	2
unchanging	2
displays	2
thieves	2
wail	2
taurus	2
impulse	2
companionship	2
withered	2
frighten	2
argosy	2
estimate	2
distributed	2
mainly	2
gathers	2
league	2
prynne	2
spurned	2
fortress	2
scrolled	2
fearlessly	2
deceits	2
unresting	2
archangelic	2
ferocious	2
sells	2
crucible	2
lacquered	2
sanely	2
clutching	2
sashes	2
undulates	2
newspaper	2
harvard	2
dropt	2
scriptures	2
lieutenant	2
libra	2
syllable	2
parting	2
headers	2
aslant	2
spaniards	2
sterning	2
tragedies	2
swooped	2
ramadans	2
swooping	2
reigns	2
files	2
lobes	2
lowermost	2
semblance	2
unwritten	2
sagaciously	2
tilting	2
medium	2
exciting	2
million	2
european	2
ethiopian	2
inelegant	2
yaw	2
destroying	2
justified	2
transplanted	2
shipwreck	2
snorting	2
ringbolts	2
columbus	2
tallied	2
tester	2
cherry	2
quickest	2
notches	2
unfortunate	2
reciprocating	2
stacks	2
writing	2
staple	2
boldness	2
dilapidated	2
hvalt	2
exhibition	2
unscrew	2
feeders	2
barely	2
waterward	2
architect	2
pantheistic	2
rehearsed	2
increase	2
alert	2
illustrative	2
sling	2
visions	2
cemeteries	2
outlines	2
technical	2
substances	2
cigars	2
redundant	2
scenery	2
bundle	2
weekly	2
ankers	2
scotch	2
waggish	2
monday	2
complexioned	2
javelins	2
imports	2
mansion	2
sided	2
supported	2
barbary	2
presentations	2
kettles	2
sacrificial	2
selling	2
christianity	2
printed	2
sensations	2
finny	2
insist	2
pikes	2
defyingly	2
earthy	2
greeks	2
woful	2
toe	2
believer	2
ripples	2
esteemed	2
department	2
leaking	2
switching	2
june	2
cooking	2
clanking	2
operate	2
stalked	2
interested	2
cheating	2
spile	2
combining	2
parmacetty	2
incalculable	2
moderate	2
revenue	2
indomitableness	2
elephanta	2
bidden	2
furled	2
arches	2
surround	2
historians	2
champollion	2
plata	2
patagonia	2
testified	2
spices	2
milling	2
sockets	2
consisted	2
necessarily	2
expands	2
comforters	2
insulated	2
gourmand	2
disturbing	2
olfactories	2
ezekiel	2
stoven	2
vancouver	2
finish	2
shadowed	2
harpooning	2
thirteen	2
baffled	2
pursuits	2
timor	2
bravest	2
recover	2
entrapped	2
respite	2
clicked	2
jollity	2
kidnapping	2
grammar	2
seats	2
stains	2
desisted	2
plainest	2
unwarrantable	2
unholy	2
contract	2
weld	2
felicity	2
jobs	2
mown	2
hyperborean	2
bumpkins	2
november	2
coll	2
represent	2
documents	2
stepmother	2
reminiscences	2
bespeaking	2
judges	2
sympathetic	2
en	2
chimneys	2
costly	2
uninhabited	2
station	2
streaming	2
centrally	2
wonderfully	2
antichronical	2
reckon	2
folios	2
preaching	2
elaborate	2
inclement	2
friar	2
grandfather	2
transfer	2
sammy	2
magnified	2
ruins	2
disciples	2
utterance	2
cowardly	2
balanced	2
court	2
blaze	2
wakened	2
workmanlike	2
shameful	2
beset	2
stores	2
friesland	2
flog	2
hourly	2
discretion	2
satan	2
requiring	2
blacks	2
immeasureable	2
woes	2
infernally	2
sobbing	2
clout	2
clustered	2
jaffa	2
somerset	2
shouts	2
lombardy	2
emblazonings	2
struggle	2
crest	2
crier	2
existing	2
excessive	2
floors	2
shoved	2
redeemed	2
rejecting	2
landing	2
nominal	2
tyro	2
tutored	2
purposing	2
fastidious	2
decanters	2
keys	2
moose	2
tints	2
sickle	2
farthing	2
beacon	2
dexterously	2
cited	2
begrimed	2
investigations	2
funereal	2
princely	2
antiquities	2
procured	2
schoolmasters	2
peeped	2
smart	2
grapnels	2
perfume	2
bridle	2
restrain	2
fagged	2
parmacetti	2
collectedness	2
unbidden	2
dangling	2
premature	2
communicating	2
corresponds	2
makest	2
io	2
reconciled	2
ninetieth	2
symbolize	2
rescued	2
slate	2
moodily	2
mayest	2
touches	2
grip	2
link	2
tedious	2
shad	2
quills	2
prematurely	2
stake	2
strictest	2
sanctity	2
affords	2
bravery	2
resounds	2
whang	2
yale	2
recognise	2
border	2
monarchs	2
tattooings	2
fence	2
nods	2
elapse	2
desmarest	2
blistered	2
threat	2
ancestry	2
bowled	2
crested	2
ceases	2
inclusive	2
presentiment	2
berg	2
jabbering	2
legal	2
dusting	2
surmised	2
doctrine	2
proportionate	2
cuttle	2
volcano	2
referring	2
threaten	2
lilies	2
whipping	2
encircling	2
sally	2
province	2
imprecate	2
abode	2
attendance	2
abating	2
effulgent	2
disclosures	2
beaks	2
studied	2
indulged	2
broker	2
crockery	2
hypothetically	2
prestige	2
heroic	2
dyspeptic	2
pulpits	2
mermaids	2
tune	2
bengal	2
hunts	2
yells	2
traitors	2
sweetly	2
rigid	2
recondite	2
miguel	2
toothache	2
forebodings	2
gulp	2
ruinous	2
communicates	2
mourning	2
exert	2
congregated	2
posse	2
voracity	2
solitaries	2
vacancies	2
staggering	2
oregon	2
parched	2
humpbacked	2
barreler	2
fitly	2
accommodate	2
apostolic	2
kingdom	2
weakened	2
dazzlingly	2
yellowish	2
mouldings	2
sweetest	2
reporting	2
possesses	2
shuffling	2
convert	2
sentences	2
divinely	2
quilt	2
bestir	2
juggler	2
presided	2
context	2
brightness	2
detect	2
unharming	2
dew	2
casualties	2
teneriffe	2
bearskin	2
logs	2
smack	2
perennial	2
explored	2
cents	2
wearily	2
unwearied	2
protect	2
secluded	2
texel	2
earthquakes	2
trapped	2
quohogs	2
omit	2
response	2
cerebellum	2
deserve	2
detestation	2
fissure	2
profanely	2
lockers	2
trophies	2
abandonment	2
oblige	2
flower	2
invade	2
index	2
dealers	2
roving	2
equinox	2
duodecimoes	2
bulkhead	2
intact	2
fiddle	2
persisting	2
grog	2
rarely	2
stature	2
tally	2
ushered	2
javelin	2
solar	2
evangelical	2
cordon	2
scratching	2
calamity	2
fashions	2
reliably	2
senate	2
credited	2
bodings	2
enlarged	2
pond	2
spotless	2
multiplied	2
inhuman	2
rightly	2
conveying	2
returns	2
javan	2
hearthstone	2
marlingspike	2
loads	2
controls	2
incompetent	2
density	2
endwise	2
haunted	2
gradual	2
sorrows	2
obstinate	2
defilements	2
flounders	2
hawser	2
chilian	2
ruminated	2
ebb	2
sundering	2
pangs	2
afric	2
ostentatious	2
hearers	2
arriving	2
algerine	2
intending	2
exhilarating	2
australia	2
uttering	2
writer	2
evenly	2
monopolizing	2
undiscovered	2
scowl	2
reflected	2
expired	2
shoreless	2
nuts	2
crests	2
liquid	2
bending	2
arrows	2
ghostliness	2
constructed	2
lothario	2
curing	2
roundabout	2
allures	2
ridden	2
betake	2
blundering	2
penetrating	2
buttoned	2
ubiquitous	2
impulsive	2
heels	2
bruited	2
undulations	2
mumblings	2
remoter	2
dictator	2
imputation	2
breathed	2
flirted	2
nobly	2
magnets	2
grindstone	2
impetus	2
mathematics	2
seed	2
inevitable	2
festoon	2
usher	2
superlative	2
functions	2
elated	2
platonian	2
fatally	2
sincerity	2
jinglers	2
grammars	2
unmistakable	2
backwoodsman	2
welding	2
sighs	2
demigod	2
benjamin	2
airley	2
equalled	2
hunch	2
aristotle	2
objection	2
rake	2
alms	2
hushed	2
inuendoes	2
danes	2
reposing	2
shirts	2
ferrule	2
rio	2
capacious	2
witnessing	2
lxii	2
bolivia	2
receding	2
bled	2
winsome	2
wallet	2
bubblingly	2
depressions	2
contest	2
centaurs	2
pall	2
erections	2
superstitiously	2
discoursing	2
martin	2
confinement	2
unintelligent	2
gag	2
dearly	2
poetical	2
swimmer	2
senses	2
boston	2
rainbowed	2
stiffest	2
livingly	2
shift	2
moluccas	2
spurs	2
differ	2
preliminaries	2
pilots	2
philistines	2
extinguished	2
inaccessible	2
thanks	2
freshly	2
distinctive	2
ellenborough	2
fife	2
perilously	2
viciously	2
wrapper	2
stacked	2
bressed	2
miniature	2
sinister	2
saluted	2
enduring	2
bathe	2
propriety	2
dismantled	2
primary	2
growled	2
capering	2
mill	2
phrenologists	2
dams	2
ensue	2
rabelais	2
mistress	2
anaconda	2
immensities	2
churchyard	2
desperadoes	2
passions	2
mythologies	2
premium	2
petulence	2
poise	2
picturesque	2
freer	2
pendulous	2
marriage	2
promotion	2
phrenological	2
disputing	2
donkey	2
corporeally	2
indignant	2
wrapt	2
resigned	2
freezing	2
invisibly	2
temperance	2
mantle	2
engendering	2
comprise	2
exposes	2
hermits	2
casked	2
eminence	2
paternal	2
rapt	2
reduced	2
flaxen	2
remnants	2
covenant	2
viciousness	2
cooled	2
improvements	2
concentrating	2
abruptly	2
smothered	2
brilliant	2
gateway	2
whites	2
burly	2
writ	2
devoured	2
fortresses	2
brahma	2
genealogies	2
rudely	2
ergo	2
outfits	2
turban	2
whiff	2
pumping	2
daniel	2
richness	2
inflexible	2
cabinet	2
backbones	2
comstock	2
foregoing	2
daybreak	2
sorely	2
revery	2
shrinking	2
sapling	2
masked	2
tasselled	2
commence	2
wails	2
crosses	2
fraternity	2
grassy	2
washing	2
padded	2
nomine	2
growl	2
gnarled	2
hammering	2
lowerings	2
unfathomably	2
respectful	2
obstetrics	2
tophet	2
negative	2
supplying	2
simultaneousness	2
distances	2
illuminate	2
affright	2
trifles	2
moons	2
oust	2
zoned	2
starlight	2
invented	2
barn	2
massacre	2
hollowly	2
project	2
inexpressible	2
caravans	2
lawyer	2
shared	2
anointing	2
comb	2
holiday	2
widowed	2
squires	2
auxiliary	2
bottles	2
polynesian	2
napoleon	2
insert	2
evade	2
circumnavigating	2
wealthy	2
baden	2
delights	2
bites	2
warned	2
easiest	2
unpitying	2
cake	2
shakers	2
mattress	2
rapacious	2
wand	2
shortened	2
departments	2
bo	2
behoves	2
gazer	2
gallantry	2
orchard	2
costliest	2
nodded	2
observations	2
headland	2
inestimable	2
credentials	2
cellars	2
michigan	2
poland	2
strokes	2
ridges	2
exchanging	2
inmost	2
hallo	2
assailant	2
undoubted	2
abed	2
tags	2
shaping	2
catholic	2
dood	2
dishonor	2
abiding	2
appellative	2
placidity	2
dogging	2
plaguy	2
patent	2
treacherously	2
wonderment	2
digest	2
curving	2
unmannerly	2
cataract	2
corpulence	2
whistling	2
quarried	2
expressions	2
resemble	2
yore	2
cures	2
strainings	2
inducements	2
unfaltering	2
vert	2
jumping	2
proves	2
changing	2
rotation	2
preserver	2
wholesome	2
pins	2
sterns	2
averred	2
blunder	2
vineyarder	2
insulting	2
buoys	2
melting	2
breathless	2
tempted	2
employ	2
fevers	2
quiescent	2
tistig	2
noways	2
indignity	2
meditative	2
outskirts	2
gentlemanlike	2
scared	2
orbs	2
leagued	2
vortex	2
seclusion	2
interruption	2
toy	2
fainting	2
assisted	2
gas	2
vials	2
leisurely	2
lungless	2
hails	2
dismally	2
reddening	2
ultimately	2
goest	2
unprincipled	2
fearlessness	2
decide	2
cloven	2
disclosed	2
neskyeuna	2
kneel	2
becharmed	2
tinge	2
suffusing	2
arid	2
genesis	2
communication	2
portentousness	2
survey	2
reappearance	2
exchange	2
mended	2
jackal	2
creeping	2
tilted	2
permitting	2
admirably	2
necklace	2
masters	2
steers	2
lined	2
reappeared	2
excite	2
loveliness	2
channels	2
roanoke	2
ventured	2
aforethought	2
attentive	2
texas	2
segment	2
epicures	2
shriek	2
helter	2
altitudes	2
slily	2
prepare	2
repenting	2
jewels	2
imaginative	2
wardrobe	2
tarred	2
difficulties	2
junks	2
signifies	2
halloo	2
comprehensible	2
bridge	2
incorruption	2
untimely	2
powerless	2
abaft	2
moles	2
divineness	2
bashaw	2
painful	2
gardiner	2
joosy	2
slime	2
ensigns	2
spreading	2
stumble	2
banners	2
hungry	2
contortions	2
courageous	2
sires	2
wag	2
flap	2
acquaintances	2
bowls	2
tatters	2
uncle	2
cheerfully	2
miser	2
mutinous	2
paramount	2
bremen	2
instantaneously	2
shrieked	2
marshy	2
entrances	2
lent	2
quicker	2
involutions	2
charms	2
maty	2
journey	2
beaked	2
moderately	2
lids	2
paunch	2
humorousness	2
commissioned	2
roused	2
seductive	2
hymn	2
orgies	2
trepidation	2
agree	2
alluding	2
message	2
thinnest	2
pie	2
formidable	2
unreasonably	2
beggar	2
hugging	2
planed	2
maltese	2
enlivened	2
provision	2
unappalled	2
tawn	2
sympathies	2
mingled	2
ply	2
incredulity	2
mingling	2
homewards	2
license	2
cupidity	2
wheat	2
although	2
withhold	2
aback	2
gases	2
nailing	2
abased	2
castors	2
brook	2
revived	2
buck	2
gibraltar	2
traced	2
weal	2
sect	2
inshore	2
notions	2
kindling	2
sauce	2
accelerating	2
hickory	2
kindled	2
beseeching	2
linear	2
socially	2
matted	2
spit	2
thickets	2
families	2
exertion	2
squeezed	2
condense	2
outermost	2
adjacent	2
bedfellows	2
learnedly	2
democratic	2
maledictions	2
tri	2
dexterity	2
embattled	2
brewery	2
highway	2
grained	2
deplored	2
cage	2
goldsmith	2
histories	2
agonized	2
jub	2
poring	2
chisel	2
immemorially	2
rains	2
entailed	2
army	2
wit	2
stowing	2
chili	2
wallowing	2
cholera	2
lain	2
recollection	2
mastership	2
launching	2
affording	2
collar	2
hoary	2
griefs	2
congealed	2
rejoicing	2
recommended	2
daughter	2
